postal_code,latitude,longitude,coordinates,compvoie,lieuditbp,numvoie,rs,typvoie,voie
75002,48.8705035,2.3425562,"48.8705035,2.3425562",,,151.0,PHARMACIE DES PANORAMAS,RUE,MONTMARTRE
75004,48.8573751,2.3524425,"48.8573751,2.3524425",,,26.0,PHARMACIE DU VILLAGE,RUE,DU TEMPLE
75004,48.8538366,2.3672793,"48.8538366,2.3672793",,,1.0,MA PHARMACIE BASTILLE,RUE,DES TOURNELLES
75006,48.8527156,2.3333908,"48.8527156,2.3333908",,49 RUE BONAPARTE,26.0,CITY PHARMA,RUE,DU FOUR
75009,48.8819985,2.3461114,"48.8819985,2.3461114",,,2.0,PHARMACIE D ANVERS,AVENUE,TRUDAINE
75010,48.8701362,2.3707725,"48.8701362,2.3707725",,,137.0,PHARMACIE COHEN TOMASINI,AVENUE,PARMENTIER
75011,48.8565982,2.3792611,"48.8565982,2.3792611",,,97.0,PHARMACIE ALLOUCHE,AVENUE,LEDRU ROLLIN
75018,48.8959724,2.3464176,"48.8959724,2.3464176",,ANCT 51 BD ORNANO,5.0,GRANDE PHARMACIE PARIS ORNANO,PL,ALBERT KAHN
75001,48.8639822,2.3355945,"48.8639822,2.3355945",,,2.0,PHARMACIE DU THEATRE FRANCAIS,PL,ANDRE MALRAUX
75005,48.8460462,2.3413186,"48.8460462,2.3413186",,,11.0,SELARL PHARMACIE DES FACULTES,RUE,GAY LUSSAC
75005,48.8440466,2.3524759,"48.8440466,2.3524759",,,65.0,PHARMACIE DE L OLIVIER,RUE,MONGE
75008,48.8756522,2.3142456,"48.8756522,2.3142456",,,1.0,PHARMACIE NOCA,AVENUE,DE MESSINE
75011,48.8591443,2.3794671,"48.8591443,2.3794671",,,97.0,PHARM DES CLINIQUES,AVENUE,PARMENTIER
75012,48.8391951,2.3956606,"48.8391951,2.3956606",,,6.0,GRANDE PHARMACIE DAUMESNIL,PL,FELIX EBOUE
75015,48.837607,2.2973302,"48.837607,2.2973302",,,333.0,PHARMACIE DE LA CONVENTION,RUE,DE VAUGIRARD
75016,48.8481247,2.271359,"48.8481247,2.271359",,,14.0,PHARM REMUSAT,RUE,DE REMUSAT
75017,48.8849116,2.3156517,"48.8849116,2.3156517",,,48.0,PHARMACIE BATIGNOLLES MONCEAU,RUE,LEGENDRE
75017,48.8899743,2.319188,"48.8899743,2.319188",,,37.0,PHARM NAHUM,RUE,BROCHANT
75020,48.8566263,2.3952302,"48.8566263,2.3952302",,,6.0,PHARMACIE ALEXANDRE DUMAS,RUE,DE BAGNOLET
75020,48.8698336,2.402596,"48.8698336,2.402596",,,147.0,PHARM UZAN,AVENUE,GAMBETTA
75003,48.8624682,2.3635794,"48.8624682,2.3635794",,,10.0,PHARMACIE DE BRETAGNE,RUE,DE BRETAGNE
75007,48.8561283,2.3260425,"48.8561283,2.3260425",,,41.0,PHARMACIE BAC MONTALEMBERT,RUE,DU BAC
75008,48.867300150000005,2.30340332,"48.867300150000005,2.30340332",,11 RUE CLEMENT MAROT,13.0,PHARMACIE EUROPEENNE,RUE,DE LA TREMOILLE
75012,48.8498918,2.3841506,"48.8498918,2.3841506",,,29.0,PHARM DANJOU,RUE,CHALIGNY
75012,48.83522093,2.4015292500000003,"48.83522093,2.4015292500000003",,,58.0,PHARMACIE 58,AVENUE,DU GAL MICHEL BIZOT
75012,48.8367071,2.4040102,"48.8367071,2.4040102",,,257.0,PHARMACIE 257 DAUMESNIL,AVENUE,DAUMESNIL
75015,48.847009240000006,2.30524868,"48.847009240000006,2.30524868",,,50.0,MME CHRISTINE FAVAL BEN ALI,AVENUE,DE SEGUR
75016,48.8427778,2.2686973,"48.8427778,2.2686973",,,116.0,SELAS PHARMACIE DE VERSAILLES,AVENUE,DE VERSAILLES
75018,48.891377,2.3378183,"48.891377,2.3378183",,,141.0,GRANDE PHARMACIE MARCADET,RUE,MARCADET
75018,48.8982027,2.3527857,"48.8982027,2.3527857",,,142.0,SELARL PHARMACIE PORTE MONTMARTRE,BOULEVARD,NEY
75019,48.8842247,2.3760131,"48.8842247,2.3760131",,,112.0,PHARM DARLOT,AVENUE,JEAN JAURES
75019,48.8881081,2.3796243,"48.8881081,2.3796243",,,246.0,PHARMACIE NGUYEN LE NGOC,RUE,DE CRIMEE
75002,48.8699314,2.3320751,"48.8699314,2.3320751",,,24.0,GRANDE PHARMACIE LA PAIX OPERA,RUE,DE LA PAIX
75005,48.8512219,2.3481929,"48.8512219,2.3481929",,,11.0,PHARMACIE NOTRE DAME,RUE,LAGRANGE
75006,48.85250509,2.3419064300000003,"48.85250509,2.3419064300000003",,,5.0,PHARMACIE HOMEOPATIQUE SPECIALE,RUE,DANTON
75009,48.8798402,2.3290548,"48.8798402,2.3290548",,,39.0,PHARM BEDJAI JACQUELINE,RUE,DE CLICHY
75010,48.87152463,2.35358477,"48.87152463,2.35358477",,,45.0,SELARL PHIE 45 FBG ST DENIS,RUE,DU FBG SAINT DENIS
75011,48.853503,2.3798265,"48.853503,2.3798265",,,63.0,PHARM LE QUOC,RUE,DE CHARONNE
75012,48.8462841,2.3945569,"48.8462841,2.3945569",,,21.0,PHARMACIE SIRINELLI,RUE,DE PICPUS
75016,48.86482715999999,2.29147822,"48.86482715999999,2.29147822",,,31.0,PHARMACIE DE LUBECK,RUE,DE LUBECK
75017,48.8825122,2.3165809,"48.8825122,2.3165809",,,123.0,PHARMACIE DU MARCHE,RUE,DES DAMES
75017,48.8820618,2.3192669,"48.8820618,2.3192669",,,78.0,PHARMACIE CHAPTAL,BOULEVARD,DES BATIGNOLLES
75018,48.8939071,2.3343602,"48.8939071,2.3343602",T,,117.0,PHARMACIE GONDARD CASABIANCA,RUE,ORDENER
75018,48.8840108,2.3469617,"48.8840108,2.3469617",,2 R D ORSEL,5.0,SELARL PHARMACIE AHOUDAYG,RUE,DE CLIGNANCOURT
75020,48.85322124,2.40891069,"48.85322124,2.40891069",,,132.0,PHARMACIE DE LA CROIX SAINT SIMON,RUE,D AVRON
75003,48.8658876,2.352556,"48.8658876,2.352556",,,88.0,PHARMACIE CANONNE,BOULEVARD,DE SEBASTOPOL
75004,48.8543144,2.3633302,"48.8543144,2.3633302",,,71.0,PHARMACIE SAINT PAUL,RUE,SAINT ANTOINE
75014,48.8314253,2.3133237,"48.8314253,2.3133237",,,89.0,SELAS PHARMAWIN,RUE,RAYMOND LOSSERAND
75015,48.84665519000001,2.2857865700000004,"48.84665519000001,2.2857865700000004",,,9.0,PHARMACIE CHARLES MICHELS,PL,CHARLES MICHELS
75016,48.868649790000006,2.28288466,"48.868649790000006,2.28288466",,,111.0,PHARMACIE 111,AVENUE,VICTOR HUGO
75017,48.8806784,2.2923066,"48.8806784,2.2923066",,,5.0,SARL PHARMACIE LEBON,RUE,LEBON
75013,48.82583052,2.3606523899999994,"48.82583052,2.3606523899999994",,,117.0,PHARMACIE LY KY,AVENUE,D IVRY
75014,48.8273407,2.3348741,"48.8273407,2.3348741",,10 RUE D ALESIA,40.0,PHARM DES ECOLES,AVENUE,RENE COTY
75018,48.8942506,2.3414298,"48.8942506,2.3414298",,,40.0,PHARM ZEDERMAN,RUE,DU POTEAU
75005,48.8391078,2.3394963,"48.8391078,2.3394963",,,86.0,PHARMACIE DE LA MATERNITE,BOULEVARD,DE PORT ROYAL
75005,48.8407915,2.3406684,"48.8407915,2.3406684",,,6.0,PHARMACIE DU VAL DE GRACE,PL,ALPHONSE LAVERAN
75005,48.8407303,2.3515551,"48.8407303,2.3515551",,,96.0,PHARMACIE LAXAN,RUE,MONGE
75009,48.8768292,2.3360129,"48.8768292,2.3360129",,,34.0,PHARMACIE ROSE,RUE,SAINT LAZARE
75013,48.83638032000001,2.35052302,"48.83638032000001,2.35052302",,,6.0,PHARMACIE ARAGO,BOULEVARD,ARAGO
75015,48.8456956,2.300052,"48.8456956,2.300052",,15 RUE AMIRAL ROUSSIN,14.0,SELARL PHARMACIE VILLA CROIX NIVERT,,VILLA CROIX NIVERT
75016,48.85063,2.271287,"48.85063,2.271287",,,35.0,FONTAINE PHARMA,RUE,DE LA FONTAINE
75018,48.8894929,2.3335629,"48.8894929,2.3335629",,,33.0,PHARMACIE DE LA ROTONDE,RUE,DAMREMONT
75018,48.8889521,2.359872,"48.8889521,2.359872",,,19.0,PHARMACIE SEFIANI,RUE,MARX DORMOY
75018,48.8889521,2.359872,"48.8889521,2.359872",,,39.0,PHARM DUPRE,RUE,MARX DORMOY
75006,48.8535929,2.3368828,"48.8535929,2.3368828",,,60.0,LA PETITE PHARMACIE,RUE,DE SEINE
75008,48.87994409,2.31779069,"48.87994409,2.31779069",,,80.0,PHARMACIE MODERNE,RUE,DU ROCHER
75012,48.8392364,2.389437,"48.8392364,2.389437",,,1.0,PHARMACIE DICHAMP,BOULEVARD,DE REUILLY
75015,48.8284684,2.3010363,"48.8284684,2.3010363",,,94.0,PHARMACIE TREIGNIER PORTE BRANCION,BOULEVARD,LEFEBVRE
75016,48.8538108,2.2652088,"48.8538108,2.2652088",,,38.0,SARL PHARMACIE DU DOCTEUR BLANCHE,RUE,DOCTEUR BLANCHE
75016,48.8631878,2.2765333,"48.8631878,2.2765333",,,82.0,PHARMACIE DE LA MAIRIE,RUE,DE LA POMPE
75017,48.8771737,2.2854626,"48.8771737,2.2854626",,,68.0,PHARMACIE DE LA PORTE MAILLOT,AVENUE,DE LA GRANDE ARMÉE
75007,48.8583161,2.3017982,"48.8583161,2.3017982",,,114.0,PHARM PERON,RUE,ST DOMINIQUE
75013,48.82157148000001,2.3693775100000005,"48.82157148000001,2.3693775100000005",,,50.0,PHARM IVRY MASSENA,AVENUE,DE LA PORTE D IVRY
75014,48.8336173,2.3305362,"48.8336173,2.3305362",,,11.0,PHARM DINTON,RUE,DAGUERRE
75015,48.8416647,2.282331,"48.8416647,2.282331",,,65.0,PHARMACIE MIRABEAU,RUE,DES CEVENNES
75015,48.8344222,2.2955078,"48.8344222,2.2955078",,,54.0,SELARL PHARMACIE COHENA,RUE,OLIVIER DE SERRES
75015,48.8385974,2.3086096,"48.8385974,2.3086096",,,60.0,PHARMACIE DE L INSTITUT,RUE,DUTOT
75018,48.889431,2.359717,"48.889431,2.359717",,,65.0,LA PHARMACIE,RUE,MARX DORMOY
75019,48.87475,2.3877263,"48.87475,2.3877263",,,117.0,PHARMACIE PRINCIPALE DE BELLEVILLE,RUE,DE BELLEVILLE
75019,48.8832391,2.3954525,"48.8832391,2.3954525",,,2.0,PHARMACIE DE LA PORTE BRUNET,AVENUE,DE LA PORTE BRUNET
75020,48.8601531,2.4034611,"48.8601531,2.4034611",,,1.0,PHARMACIE SAINT BLAISE,RUE,STENDHAL
75012,48.8448447,2.3825013,"48.8448447,2.3825013",,,164.0,PHARMACIE DU VIADUC,RUE,DE CHARENTON
75016,48.8550888,2.2720522,"48.8550888,2.2720522",B,,85.0,PHARM LEVY,RUE,DU RANELAGH
75002,48.8626681,2.3495752,"48.8626681,2.3495752",,,160.0,PHARMACIE FOULOUNOUX,RUE,SAINT DENIS
75012,48.8360108,2.3842481,"48.8360108,2.3842481",,,21.0,PHARMACIE DU PARC,RUE,DE POMMARD
75013,48.8270993,2.3671009,"48.8270993,2.3671009",,,164.0,PHARMACIE DES PEUPLIERS,RUE,DE TOLBIAC
75014,48.831685779999994,2.3147195599999995,"48.831685779999994,2.3147195599999995",,,203.0,PHARMACIE PLAISANCE,RUE,D ALESIA
75015,48.8419978,2.3008,"48.8419978,2.3008",,,133.0,SELARL PHARMACIE DE LA MAIRIE,RUE,LECOURBE
75008,48.87690353,2.32163268,"48.87690353,2.32163268",,,29.0,PHARM PROVIDENTI,RUE,DU ROCHER
75009,48.876971,2.3393591,"48.876971,2.3393591",,,4.0,PHARMACIE DES MARTYRS,RUE,DES MARTYRS
75010,48.87329489,2.35470593,"48.87329489,2.35470593",,,80.0,LA PHARMACIE DES PASSAGES,RUE,DU FBG SAINT DENIS
75013,48.82791527,2.34968014,"48.82791527,2.34968014",,,52.0,PHARMACIE TRAN H N,RUE,DES CINQ DIAMANTS
75014,48.8259048,2.3223627,"48.8259048,2.3223627",,,24.0,PHARMACIE OUAZANA,AVENUE,JEAN MOULIN
75020,48.8640546,2.4086132,"48.8640546,2.4086132",,,4.0,PHARMACIE DE L ESTEREL,BOULEVARD,DAVOUT
75003,48.8642141,2.3657368,"48.8642141,2.3657368",,,17.0,PHARM CAUSSIGNAC,BOULEVARD,DU TEMPLE
75017,48.887716,2.3097896,"48.887716,2.3097896",,,29.0,PHARM LAPICZAK,BOULEVARD,PEREIRE
75018,48.8846636,2.34115,"48.8846636,2.34115",,,20.0,PHARMACIE DES TROIS FRERES,RUE,DES TROIS FRERES
75020,48.8710569,2.4000483,"48.8710569,2.4000483",,,11.0,PHARMACIE CANARD VOLLAND VALERIE,RUE,SAINT FARGEAU
75011,48.8570217,2.3817329,"48.8570217,2.3817329",,,119.0,PHARMACIE SEBAG IRENE,BOULEVARD,VOLTAIRE
75012,48.8398698,2.4006627,"48.8398698,2.4006627",,,10.0,PHARMACIE DRAI SOUFFIR,BOULEVARD,DE PICPUS
75015,48.8493651,2.291455,"48.8493651,2.291455",,,19.0,PHARMACIE OCEANE,RUE,DE LOURMEL
75015,48.8447732,2.3102547,"48.8447732,2.3102547",,,5.0,PHARMACIE LECOURBE,RUE,LECOURBE
75016,48.86545426,2.28640562,"48.86545426,2.28640562",,,28.0,PHARM SPINHIRNY HELENE,AVENUE,RAYMOND POINCARE
75018,48.8939071,2.3343602,"48.8939071,2.3343602",,,4.0,PHARM BRUNET,RUE,ORDENER
75018,48.8966056,2.3437547,"48.8966056,2.3437547",,,23.0,PHARMACIE MATHIEU,RUE,LETORT
75018,48.8889521,2.359872,"48.8889521,2.359872",,,34.0,PHARM ZALAY,RUE,MARX DORMOY
75019,48.885646,2.3816949,"48.885646,2.3816949",,,26.0,PHARM SEBAG,RUE,DE MEAUX
75001,48.8647979,2.3327204,"48.8647979,2.3327204",,,9.0,SELARL PYRAMIDES,RUE,DES PYRAMIDES
75006,48.8440591,2.3291904,"48.8440591,2.3291904",,,131.0,PHARMACIE JUILLET,BOULEVARD,RASPAIL
75008,48.87809068,2.3159319200000006,"48.87809068,2.3159319200000006",,,87.0,PHARMACIE MALESHERBES,BOULEVARD,MALESHERBES
75010,48.872761360000005,2.3547137999999994,"48.872761360000005,2.3547137999999994",,,76.0,PHARMACIE DES DEUX FAUBOURGS,RUE,DU CHATEAU D EAU
75011,48.87133270999999,2.37635645,"48.87133270999999,2.37635645",,,13.0,PHARMACIE DE LA CONFIANCE,RUE,DE LA PRESENTATION
75013,48.82991999,2.34719038,"48.82991999,2.34719038",,,83.0,PHARMACIE BLANQUI,BOULEVARD,AUGUSTE BLANQUI
75013,48.83540131000001,2.3474217200000003,"48.83540131000001,2.3474217200000003",,,37.0,PHARMACIE AIT ISHA SERAFIM,BOULEVARD,ARAGO
75019,48.8760036,2.3808312,"48.8760036,2.3808312",B,,43.0,PHARMACIE DU PARC,AVENUE,SIMON BOLIVAR
75002,48.8705556,2.3358864,"48.8705556,2.3358864",,,23.0,PHARMACIE DE CHOISEUL,RUE,DE CHOISEUL
75010,48.87746170000001,2.3698134700000004,"48.87746170000001,2.3698134700000004",,,65.0,PHARMACIE DU COLONEL FABIEN,RUE,LA GRANGE AUX BELLES
75011,48.86358529,2.3664245,"48.863585289999996,2.3664245",,,4.0,PHARMACIE DU CIRQUE DHIVER,BOULEVARD,DU TEMPLE
75011,48.8575917,2.3805149,"48.8575917,2.3805149",,,264.0,PHARMACIE VOLTAIRE NATION,BOULEVARD,VOLTAIRE
75013,48.83104151000001,2.3571091900000005,"48.83104151000001,2.3571091900000005",,,203.0,PHARMACIE VINCENT AURIOL,BOULEVARD,VINCENT AURIOL
75016,48.8503731,2.25902687148261,"48.8503731,2.25902687148261",,,52.0,PHARMACIE DE LA PORTE D AUTEUIL,RUE,D AUTEUIL
75016,48.8409897,2.2657799,"48.8409897,2.2657799",,,167.0,PHARM LAMOTHE,AVENUE,DE VERSAILLES
75018,48.8921233,2.3273001,"48.8921233,2.3273001",,,78.0,PHARMACIE LES ALIZES,AVENUE,DE SAINT OUEN
75018,48.8866144,2.3504551,"48.8866144,2.3504551",,,67.0,PHARMACIE MYRHA,RUE,MYRHA
75018,48.8898805,2.3627422,"48.8898805,2.3627422",,,67.0,PHARMA GREEN,RUE,RIQUET
75019,48.8833035,2.3716326,"48.8833035,2.3716326",,,7.0,PHARMACIE WIZMAN,AVENUE,JEAN JAURES
75019,48.8847763,2.3812424,"48.8847763,2.3812424",,,98.0,PHARMACIE BOKOBZA,RUE,PETIT
75020,48.8696722,2.3888007,"48.8696722,2.3888007",,,71.0,PHARM DE LA MARE,RUE,DE LA MARE
75020,48.8679418,2.4009574,"48.8679418,2.4009574",,,121.0,PHARM JAPKOWICZ,AVENUE,GAMBETTA
75020,48.8759718,2.4024224,"48.8759718,2.4024224",,,44.0,PHARMACIE SOK,RUE,DE BELLEVILLE
75011,48.857404,2.3810914,"48.857404,2.3810914",,,113.0,GRANDE PHARMACIE PIOT,BOULEVARD,VOLTAIRE
75013,48.83116096,2.34407276,"48.83116096,2.34407276",,,106.0,SELARL D2B,BOULEVARD,AUGUSTE BLANQUI
75014,48.8314253,2.3133237,"48.8314253,2.3133237",,HALL A,156.0,SELARL PHARMACIE DE LA PAIX,RUE,RAYMOND LOSSERAND
75016,48.8559682,2.2750029,"48.8559682,2.2750029",,,48.0,PHARMACIE BOULAINVILLIERS,RUE,DE BOULAINVILLIERS
75017,48.8860898,2.2924402,"48.8860898,2.2924402",,ANGLE 1 R CATULLE MENDES,12.0,PHARMACIE CHAMPERRET,AVENUE,STEPHANE MALLARME
75019,48.8819094,2.3719388,"48.8819094,2.3719388",,,19.0,PHARMACIE SECRETAN,AVENUE,SECRETAN
75020,48.8573924,2.4083014,"48.8573924,2.4083014",,,61.0,PHARMACIE WOLFF,RUE,SAINT BLAISE
75001,48.86688106,2.33630061,"48.86688106,2.33630061",,,26.0,LA PHARMACIE DE LA BANQUE,RUE,CX DES PETITS CHAMPS
75010,48.87521535,2.3508837800000006,"48.87521535,2.3508837800000006",,,66.0,PHARM KATY SARFATI,RUE,D HAUTEVILLE
75010,48.8819164,2.35100985,"48.8819164,2.35100985",,,139.0,PHARMACIE JOURNO,BOULEVARD,MAGENTA
75011,48.8585346,2.3836681,"48.8585346,2.3836681",B,,51.0,PHARMACIE PIPERNO,RUE,DE LA ROQUETTE
75013,48.8188675,2.3608709900000004,"48.8188675,2.3608709900000004",,,3.0,PHARMACIE DE LA PORTE D ITALIE,RUE,FERNAND WIDAL
75013,48.8268904,2.365097,"48.8268904,2.365097",,,75.0,SELARL PHARMACIE CENTRALE,RUE,DE TOLBIAC
75013,48.83210018,2.3703834400000003,"48.83210018,2.3703834400000003",,,8.0,PHARMACIE LOAN,RUE,DUCHEFDELAVILLE
75014,48.8275941,2.32099,"48.8275941,2.32099",,1 R BENARD,24.0,SARL PHARMACIE DES PLANTES,RUE,DES PLANTES
75015,48.8371001,2.2963619,"48.8371001,2.2963619",,,347.0,SELARL PHARMACIE SITBON,RUE,DE VAUGIRARD
75018,48.8915013,2.3596583,"48.8915013,2.3596583",,,17.0,PHARMACIE DE LA CHAPELLE,RUE,DE LA CHAPELLE
75002,48.8626681,2.3495752,"48.8626681,2.3495752",,,247.0,PHARMACIE DU SENTIER RAKOVER EURL,RUE,SAINT DENIS
75004,48.8567788,2.3558116,"48.8567788,2.3558116",,,4.0,PHARMACIE DE L HOTEL DE VILLE,RUE,DU BOURG TIBOURG
75007,48.855049,2.3243931,"48.855049,2.3243931",,,67.0,SELARL PHARMACIE BAC GRENELLE,RUE,DE GRENELLE
75010,48.8704492,2.3551081,"48.8704492,2.3551081",,,12.0,PHARMACIE DE STRASBOURG,BOULEVARD,DE STRASBOURG
75011,48.8582119,2.3827902,"48.8582119,2.3827902",,,150.0,PHARMACIE DES ECOLES,RUE,DE LA ROQUETTE
75013,48.8270993,2.3671009,"48.8270993,2.3671009",,,200.0,EURL PHARMACIE LOR KEUK,RUE,DE TOLBIAC
75014,48.83190572,2.31381029,"48.83190572,2.31381029",,,172.0,SELARL LAV,RUE,D ALESIA
75016,48.86981696,2.29797721,"48.86981696,2.29797721",,ANGLE 21 RUE BASSANO,55.0,PHARM DJOLOLIAN,AVENUE,MARCEAU
75017,48.8800843,2.2951544,"48.8800843,2.2951544",,,16.0,SELARL GRANDE PHARMACIE NIEL,AVENUE,NIEL
75017,48.8852491,2.2959126,"48.8852491,2.2959126",,,118.0,PHARMACIE SATELLITE,AVENUE,DE VILLIERS
75017,48.88615339999999,2.310165169999999,"48.88615339999999,2.3101651699999994",,,25.0,PHARMACIE JOUFFROY,RUE,JOUFFROY D ABBANS
75017,48.8921706,2.3234999,"48.8921706,2.3234999",,,18.0,PHARM DUMAS,RUE,GUY MOQUET
75019,48.8842247,2.3760131,"48.8842247,2.3760131",,,76.0,PHARM JAURES,AVENUE,JEAN JAURES
75002,48.8669359,2.3362734,"48.8669359,2.3362734",,,26.0,SELURL PHARMACIE VICTOIRE OPERA,RUE,DES PETITS CHAMPS
75006,48.8521875,2.3307715,"48.8521875,2.3307715",,,49.0,PHARMACIE DE L EPOQUE,RUE,DU FOUR
75010,48.8772031,2.3493521,"48.8772031,2.3493521",,,96.0,PHARMACIE CONSEIL LA FAYETTE,RUE,LA FAYETTE
75011,48.8591443,2.3794671,"48.8591443,2.3794671",B,,17.0,PHARM SETTI,AVENUE,PARMENTIER
75012,48.8504214,2.3786455,"48.8504214,2.3786455",,,83.0,PHARMACIE SAINT ANTOINE,RUE,CROZATIER
75014,48.8415374,2.3294739,"48.8415374,2.3294739",,,206.0,PHARMACIE DU DOME,BOULEVARD,RASPAIL
75016,48.86832421999999,2.2988065499999997,"48.86832421999999,2.2988065499999997",,,37.0,SELARL PHIE NOUVELLE ANGLO AMERICAINE,AVENUE,MARCEAU
75018,48.8878239,2.3258581,"48.8878239,2.3258581",B,,10.0,PHARM OURABAH,AVENUE,DE SAINT OUEN
75008,48.87612244,2.31830776,"48.87612244,2.31830776",,,61.0,PHARMACIE SAINT AUGUSTIN,BOULEVARD,MALESHERBES
75010,48.8719093,2.3719605,"48.8719093,2.3719605",,,196.0,PHARMACIE ERCELIK,RUE,SAINT MAUR
75016,48.848251,2.264435,"48.848251,2.264435",,,122.0,PHARMACIE CENTRALE D AUTEUIL,RUE,LA FONTAINE
75017,48.8852336,2.2938639,"48.8852336,2.2938639",,,131.0,PHARMACIE HELIOPOLIS,AVENUE,DE VILLIERS
75017,48.8836629,2.3048246,"48.8836629,2.3048246",,,71.0,PHARMACIE STIOUI,AVENUE,DE VILLIERS
75017,48.8827505,2.3148008,"48.8827505,2.3148008",,,35.0,PHARM DE LA TERRASSE,RUE,DE LEVIS
75017,48.8888548,2.3193113,"48.8888548,2.3193113",,,23.0,SELAS PHIE NOUVELLE DES BATIGNOLLES,RUE,DES MOINES
75017,48.8870247,2.3231796,"48.8870247,2.3231796",,,25.0,PHARM BURBOT,RUE,LA CONDAMINE
75018,48.8940686,2.3325422,"48.8940686,2.3325422",,31 RUE VAUVENARGUES,191.0,PHARMACIE GOMBERT,RUE,CHAMPIONNET
75018,48.8880883,2.3512394,"48.8880883,2.3512394",,33 BIS RUE DES POISSONNIERS,38.0,PHARMACIE DE LA PLACE,RUE,POULET
75019,48.8842247,2.3760131,"48.8842247,2.3760131",,,100.0,PHARMACIE DES DEUX RUES,AVENUE,JEAN JAURES
75019,48.8858826,2.3988838,"48.8858826,2.3988838",,,2.0,PHARMACIE DE LA PLACE COCHET,AVENUE,DE LA PORTE CHAUMONT
75006,48.8487844,2.340423,"48.8487844,2.340423",,,42.0,PHARM DU SENAT,RUE,MONSIEUR LE PRINCE
75009,48.8762595,2.3326027,"48.8762595,2.3326027",,,57.0,PHARMACIE DE LA TRINITE,RUE,DE CHATEAUDUN
75009,48.8831109,2.3463897,"48.8831109,2.3463897",,,21.0,SELARL PHARMACIE NIRINA INTERNATIONAL,BOULEVARD,DE ROCHECHOUART
75010,48.87050539,2.35953659,"48.87050539,2.35953659",B,,25.0,SELEURL PHARMACIE DU CHATEAU D EAU,RUE,DU CHATEAU D EAU
75012,48.849568960000006,2.3742073800000005,"48.849568960000006,2.3742073800000005",,,71.0,PHARMACIE LEDRU ROLLIN,AVENUE,LEDRU ROLLIN
75015,48.8428348,2.3037764,"48.8428348,2.3037764",,,95.0,PHARMACIE DELATTRE,RUE,LECOURBE
75015,48.8417149,2.3206214,"48.8417149,2.3206214",,,10.0,PHARMACIE DE LA GARE MONTPARNASSE,PL,RAOUL DAUTRY
75020,48.8575505,2.3921652,"48.8575505,2.3921652",,,114.0,SELARL PHARMACIE MEGHARBI,BOULEVARD,DE CHARONNE
75020,48.8544383,2.4022023,"48.8544383,2.4022023",,ANGLE 28 RUE DES ORTEAUX,86.0,PHARM RAULOT,RUE,DE LA REUNION
75003,48.8682643,2.3625095,"48.8682643,2.3625095",,,5.0,LA PHIE DE LA PLACE DELA RÉPUBLIQUE,PL,DE LA RÉPUBLIQUE
75008,48.86945128,2.31107444,"48.86945128,2.31107444",,,1.0,PHARMACIE MATIGNON,AVENUE,MATIGNON
75011,48.8504827,2.3902586100000005,"48.8504827,2.3902586100000005",,,62.0,PHARM TRAMONI,RUE,DE MONTREUIL
75015,48.8470731,2.2946151,"48.8470731,2.2946151",,,139.0,PHARMACIE EMILE ZOLA,AVENUE,EMILE ZOLA
75016,48.856402,2.2777604,"48.856402,2.2777604",,,1.0,SARL LB CHOPIN,RUE,DUBAN
75016,48.8579528,2.2806469,"48.8579528,2.2806469",,1 RUE NICOLO,38.0,SELAS PHARMACIE CENTRALE DE PASSY,RUE,DE PASSY
75016,48.86989251,2.2962981499999997,"48.86989251,2.2962981499999997",,,37.0,PHARMACIE GALILEE,RUE,GALILEE
75017,48.8921706,2.3234999,"48.8921706,2.3234999",,,73.0,M MICHEL DEBRAY,RUE,GUY MOQUET
75018,48.8876851,2.3403767,"48.8876851,2.3403767",,,1.0,PHARMACIE DU TERTRE,RUE,CORTOT
75018,48.8917844,2.3446788,"48.8917844,2.3446788",,,18.0,SELAS PHARMACIE HERMEL,RUE,HERMEL
75018,48.8964073,2.3456278,"48.8964073,2.3456278",,,16.0,PHARMACIE EUROPEENNE,BOULEVARD,ORNANO
75020,48.8647612,2.4044154,"48.8647612,2.4044154",,,15.0,PHARMACIE BELGRAND TENON,RUE,BELGRAND
75002,48.8700666,2.3501189,"48.8700666,2.3501189",,,19.0,PHARMACIE DU GLOBE,BOULEVARD,DE BONNE NOUVELLE
75004,48.8519985,2.3647948,"48.8519985,2.3647948",,,27.0,PHARMACIE HENRI IV,BOULEVARD,HENRI IV
75008,48.87470109,2.30817851,"48.87470109,2.30817851",,,48.0,PHARMACIE DE BERRI,RUE,DE BERRI
75010,48.8799626,2.3536843,"48.8799626,2.3536843",,,2.0,PHARMACIE ANGLAISE DE LA GARE DU NORD,RUE,DE COMPIEGNE
75011,48.86173976,2.3728136299999996,"48.86173976,2.3728136299999996",,,84.0,PHARMACIE DES DEUX BOULEVARDS,BOULEVARD,RICHARD LENOIR
75011,48.86783659,2.37800583,"48.86783659,2.37800583",,,98.0,PHARMACIE DES 3 COURONNES,RUE,JEAN PIERRE TIMBAUD
75011,48.861776,2.3829878,"48.861776,2.3829878",,,119.0,PHARM LABI,RUE,DU CHEMIN VERT
75012,48.8477827,2.4062773,"48.8477827,2.4062773",,,96.0,PHARMACIE DU COURS DE VINCENNES,CRS,DE VINCENNES
75016,48.853056,2.275432,"48.853056,2.275432",,,4.0,SELARL PHARMACIE LA FONTAINE,RUE,LA FONTAINE
75017,48.8793735,2.29115205349274,"48.8793735,2.29115205349274",,,1.0,PHARMACIE DE L EGLISE,PL,TRISTAN BERNARD
75017,48.8849438,2.3109526,"48.8849438,2.3109526",,,64.0,PHARMACIE DE TOCQUEVILLE,RUE,DE TOCQUEVILLE
75018,48.8884767,2.349789,"48.8884767,2.349789",,,64.0,PHARMACIE ESPACE CONSEIL,BOULEVARD,BARBES
75020,48.8673397,2.3967235,"48.8673397,2.3967235",,,234.0,SELARL PYRENEES 234,RUE,DES PYRENEES
75001,48.8622106,2.3416305,"48.8622106,2.3416305",,,38.0,PHARMACIE DU LOUVRE,RUE,DU LOUVRE
75003,48.8605948,2.3516451,"48.8605948,2.3516451",,11 RUE BAILLY,98.0,PHARMACIE SAINT MAUR OBERKAMPF,RUE,BEAUBOURG
75008,48.87144595,2.30739623,"48.87144595,2.30739623",,44 RUE DE PONTHIEU,116.0,PHARMACIE LA BOETIE CHAMPS ELYSEES,RUE,LA BOETIE
75016,48.8388236,2.2608394,"48.8388236,2.2608394",,,197.0,LA PHARMACIE DU MARCHE,AVENUE,DE VERSAILLES
75017,48.8846191,2.3212808,"48.8846191,2.3212808",,,27.0,PHARMACIE DE LA MAIRIE,RUE,DES BATIGNOLLES
75018,48.8913606,2.3346869,"48.8913606,2.3346869",,,63.0,PHARMACIE RADJA,RUE,DAMREMONT
75018,48.8881011,2.3360271,"48.8881011,2.3360271",,,42.0,PHARMACIE CENTRALE DE MONTMARTRE,AVENUE,JUNOT
75018,48.8902004,2.349399,"48.8902004,2.349399",,,65.0,PHARMACIE MARCADET,BOULEVARD,BARBES
75018,48.8898491,2.3603932,"48.8898491,2.3603932",,,96.0,SELAS PHARMACIE MARX DORMOY,RUE,PHILIPPE DE GIRARD
75002,48.8660446,2.3470265,"48.8660446,2.3470265",,,67.0,PHARMACIE MONTORGUEIL,RUE,MONTORGUEIL
75003,48.865802,2.360647,"48.865802,2.360647",,,191.0,PHARM CROULARD,RUE,DU TEMPLE
75007,48.8571082,2.3045687,"48.8571082,2.3045687",,,49.0,SELARL PHARMACIE BOSQUET GRENELLE,AVENUE,BOSQUET
75008,48.8685711,2.3034187,"48.8685711,2.3034187",,39 RUE FRANCOIS 1ER,21.0,PHARM MARBEUF FRANCOIS 1ER,RUE,MARBEUF
75008,48.87680054,2.3153016,"48.87680054,2.3153016",,,4.0,PHARMACIE ISSOULIE,RUE,TREILHARD
75008,48.8757062,2.32390612,"48.8757062,2.32390612",,,15.0,SELAS GRANDE PHARMACIE BAILLY,RUE,DE ROME
75010,48.8836395,2.3602574,"48.8836395,2.3602574",,,65.0,PHARMACIE CENTRALE LOUIS BLANC,RUE,LOUIS BLANC
75011,48.86920676,2.3800756,"48.86920676,2.3800756",,,43.0,PHARMACIE COURONNES,BOULEVARD,DE BELLEVILLE
75011,48.8611735,2.3815921,"48.8611735,2.3815921",,,98.0,PHARMACIE CHAUVEAU,RUE,DU CHEMIN VERT
75014,48.8314253,2.3133237,"48.8314253,2.3133237",,,203.0,PHARMACIE RENOIR,RUE,RAYMOND LOSSERAND
75014,48.8314253,2.3133237,"48.8314253,2.3133237",,,45.0,PHARM TEMSTET,RUE,RAYMOND LOSSERAND
75014,48.8261777,2.3412817,"48.8261777,2.3412817",,,4.0,PHARMACIE DU PARC,AVENUE,REILLE
75015,48.836462,2.2820354,"48.836462,2.2820354",,,360.0,PHARM DU GRAND PAVOIS,RUE,LECOURBE
75016,48.8433062,2.2594422,"48.8433062,2.2594422",,,77.0,PHARMACIE EXELMANS,BOULEVARD,EXELMANS
75007,48.8527897,2.2985976,"48.8527897,2.2985976",,,57.0,SELAS PHARMACIE ZANA,AVENUE,DE SUFFREN
75009,48.8812967,2.3409525,"48.8812967,2.3409525",B,,1.0,PHARM RANDRIAMIARY,RUE,LALLIER
75010,48.8758746,2.3596577,"48.8758746,2.3596577",,HALL DE LA GARE DE L EST,4.0,PHARMACIE DE LA GARE DE L EST,RUE,DU 8 MAI 1945
75015,48.8442222,2.2935652,"48.8442222,2.2935652",,,89.0,GRANDE PHARMACIE DU COMMERCE,RUE,DU COMMERCE
75015,48.8397651,2.3015462,"48.8397651,2.3015462",,,256.0,SNC PHARMACIE CASEJUANE VITTE,RUE,DE VAUGIRARD
75016,48.8493322,2.2754183,"48.8493322,2.2754183",,,38.0,M RENE DENONAIN,AVENUE,DE VERSAILLES
75016,48.874483,2.29194632,"48.874483,2.29194632",,,9.0,PHARM DE L ETOILE,AVENUE,DE LA GRANDE ARMEE
75020,48.8680251,2.3867584,"48.8680251,2.3867584",,,51.0,PHARMACIE PRINCIPALE DE MENILMONTANT,RUE,DE MENILMONTANT
75002,48.8649585,2.3451508,"48.8649585,2.3451508",,,44.0,PHARMACIE DE LA POSTE,RUE,MONTMARTRE
75005,48.8377087,2.3460457,"48.8377087,2.3460457",,,58.0,PHARMACIE PORT ROYAL BERTHOLLET,BOULEVARD,DE PORT ROYAL
75005,48.84921881000001,2.34876362,"48.84921881000001,2.34876362",,,7.0,PHARMACIE DU MARCHE DES CARMES,RUE,MONTAGNE STE GENEVIEVE
75005,48.8425718,2.3519846,"48.8425718,2.3519846",,1 PLACE MONGE,74.0,PHARMACIE MONGE,RUE,MONGE
75013,48.82449880000001,2.3577549300000005,"48.82449880000001,2.3577549300000005",B,,110.0,PHARMACIE 110,AVENUE,D ITALIE
75017,48.8873383,2.2947653,"48.8873383,2.2947653",,,191.0,PHARMACIE STE ODILE,RUE,DE COURCELLES
75017,48.8855643,2.3258714,"48.8855643,2.3258714",,,6.0,PHARMACIE DES DAMES,RUE,DES DAMES
75019,48.8747422,2.3804815,"48.8747422,2.3804815",,,50.0,PHARMACIE REBEVAL,RUE,REBEVAL
75004,48.8530396,2.3537559,"48.8530396,2.3537559",,,8.0,PHARMACIE DE L ILE SAINT LOUIS,RUE,JEAN DU BELLAY
75008,48.874859959999995,2.31921092,"48.874859959999995,2.31921092",,,116.0,EURL PHARMACIE AGOUDJIAN,BOULEVARD,HAUSSMANN
75011,48.858338,2.389286,"48.858338,2.389286",,,14.0,PHARM COHEN,RUE,DE MONT LOUIS
75011,48.8584457,2.3837589,"48.8584457,2.3837589",,,70.0,SELASU PHARMACIE BEAUDOIN,RUE,LEON FROT
75012,48.844933,2.3838312,"48.844933,2.3838312",,,2.0,PHARMACIE DE LA PLACE,RUE,ERARD
75015,48.8418356,2.3032547,"48.8418356,2.3032547",,,119.0,PHARMACIE DANAN,RUE,CAMBRONNE
75015,48.8415201,2.3143315,"48.8415201,2.3143315",,,59.0,GRANDE PHARMACIE CENTRALE PASTEUR,BOULEVARD,PASTEUR
75016,48.8435682,2.2632197,"48.8435682,2.2632197",,,84.0,SELARL PHARMACIE MICHEL ANGE,RUE,BOILEAU
75018,48.8861887,2.3342353,"48.8861887,2.3342353",,,11.0,PHARMACIE LEPIC BLANCHE,RUE,LEPIC
75019,48.8761166,2.394732,"48.8761166,2.394732",,,10.0,PHARMACIE DE LA PLACE DES FETES,RUE,AUGUSTIN THIERRY
75020,48.8643544,2.409574,"48.8643544,2.409574",,,6.0,PHARM DIDES ET SERRES,PL,DE LA PORTE DE BAGNOLET
75003,48.8638,2.3585657,"48.8638,2.3585657",,,143.0,PHARM PHAYPRADITH,RUE,DU TEMPLE
75005,48.8511423,2.3458588,"48.8511423,2.3458588",,,33.0,M JULIEN FRANCOIS,RUE,SAINT JACQUES
75009,48.8758728,2.3299227,"48.8758728,2.3299227",,,87.0,PHARMACIE SAINT LAZARE,RUE,SAINT LAZARE
75010,48.8737777,2.3585474,"48.8737777,2.3585474",,,62.0,PHARMACIE OSTROM,BOULEVARD,DE MAGENTA
75012,48.8460387,2.3765886,"48.8460387,2.3765886",,,32.0,PHARMACIE DE LA GARE DE LYON,BOULEVARD,DIDEROT
75013,48.825932,2.34178,"48.825932,2.34178",,,3.0,PHARMACIE PELISSIER,RUE,DE L AMIRAL MOUCHEZ
75013,48.84361043,2.36553048,"48.84361043,2.36553048",,,1.0,PHARMACIE DU PONT DE BERCY,QU,D AUSTERLITZ
75013,48.820893,2.366631,"48.820893,2.366631",,,21.0,SNC PHARMACIE TRAN BERGER,BOULEVARD,MASSENA
75014,48.8247715,2.3256445,"48.8247715,2.3256445",,,122.0,SELARL PHARMACIE R. C.,AVENUE,DU GENERAL LECLERC
75015,48.8451633,2.2974608,"48.8451633,2.2974608",,,60.0,PHARMACIE DE LA POSTE,RUE,DE LA CROIX NIVERT
75017,48.8840953,2.2951517,"48.8840953,2.2951517",,,134.0,PHARMACIE CENTRALE PEREIRE,BOULEVARD,PEREIRE
75018,48.900086,2.344371,"48.900086,2.344371",,,35.0,PHARMACIE DU MARCHE,AVENUE,PTE CLIGNANCOURT
75018,48.8856285,2.347294,"48.8856285,2.347294",,,29.0,SELARL PHARMACIE DES GALERIES DUFAYEL,RUE,DE CLIGNANCOURT
75018,48.8979584,2.3525648,"48.8979584,2.3525648",,1RUE LABAT,61.0,PHARM DELABY,RUE,DES POISSONNIERS
75020,48.8475174,2.4023479,"48.8475174,2.4023479",,,7.0,PHARM MALJETTE TOPI,CRS,DE VINCENNES
75020,48.8514871,2.4062808,"48.8514871,2.4062808",,,299.0,PHARM MASLIAH,RUE,DES PYRENEES
75004,48.8551245,2.3604541,"48.8551245,2.3604541",,,119.0,PHARMACIE DU MARAIS,RUE,SAINT ANTOINE
75005,48.8457051,2.3428112,"48.8457051,2.3428112",,,171.0,PHARM FOURNEL,RUE,SAINT JACQUES
75012,48.8471383,2.3870983,"48.8471383,2.3870983",,,35.0,PHARMACIE DES QUATRE TEMPS,RUE,DE REUILLY
75013,48.8364812,2.3523752,"48.8364812,2.3523752",,,27.0,SELARL OR'EL,AVENUE,DES GOBELINS
75014,48.8245095,2.32371,"48.8245095,2.32371",,,25.0,PHARM PATSCHKOWSKI,RUE,FRIANT
75014,48.8304019,2.3341115,"48.8304019,2.3341115",,,15.0,PHARM COTY ISSOIRE,AVENUE,RENE COTY
75015,48.8409168,2.2911033,"48.8409168,2.2911033",,,19.0,PHARMACIE SYLVIE LEIBA,RUE,DE LA CROIX NIVERT
75016,48.85772601,2.28132203,"48.85772601,2.28132203",,,13.0,PHARMACIE PASSY CHERNOVIZ,RUE,CHERNOVIZ
75020,48.8575505,2.3921652,"48.8575505,2.3921652",,,38.0,GRANDE PHARMACIE DU 20EME,BOULEVARD,DE CHARONNE
75008,48.87037799,2.3100337399999997,"48.87037799,2.3100337399999997",B,,49.0,PHARM DU RD PT DES CHAMPS ELYSEES,AVENUE,FRANKLIN D ROOSEVELT
75009,48.8757504,2.3438158,"48.8757504,2.3438158",,,66.0,SELARL PHARMACIE CADET LAFAYETTE,RUE,LA FAYETTE
75011,48.862041,2.366958,"48.862041,2.366958",,,2.0,PHARMACIE LES FILLES DU CALVAIRE,BOULEVARD,DES FILLES CALVAIRE
75011,48.8643489,2.3713118,"48.8643489,2.3713118",,,39.0,PHARMACIE FOLIE MERICOURT,RUE,OBERKAMPF
75013,48.8270993,2.3671009,"48.8270993,2.3671009",,,229.0,PHARMACIE DE LA BUTTE AUX CAILLES,RUE,DE TOLBIAC
75014,48.8336392,2.3148559700000004,"48.8336392,2.3148559700000004",,,115.0,PHARMACIE DE L OUEST,RUE,DE L OUEST
75015,48.8485234,2.3028352,"48.8485234,2.3028352",,,37.0,PHARMACIE HOMEOPATHIQUE GENERALE,AVENUE,DE LOWENDAL
75015,48.8465664,2.3086873,"48.8465664,2.3086873",,,15.0,PHARMACIE VALENTIN HAUY,RUE,VALENTIN HAUY
75017,48.887141,2.313621,"48.887141,2.313621",,,1.0,SELAS PHARMACIE ABITBOL,RUE,JOUFFROY D ABBANS
75017,48.8814271,2.3018646,"48.8814271,2.3018646",,,8.0,PHARM SELAUDOUX,RUE,CARDINET
75019,48.8931234,2.3801748,"48.8931234,2.3801748",,,167.0,PHARMACIE DE FLANDRE,AVENUE,DE FLANDRE
75019,48.8794528,2.3873421,"48.8794528,2.3873421",,,72.0,PHARMACIE BOTZARIS,RUE,BOTZARIS
75020,48.852041,2.40159,"48.852041,2.40159",,,43.0,GRANDE PHARMACIE D AVRON,RUE,D AVRON
75020,48.8589684,2.4016789,"48.8589684,2.4016789",,,95.0,PHARMACIE GARCIA,RUE,DE BAGNOLET
75013,48.83014932,2.3560465900000005,"48.83014932,2.3560465900000005",,BOITE 1007,30.0,PHIE CENTRE COMMERCIAL ITALIE 2,AVENUE,D ITALIE
75014,48.82782876000001,2.3296608,"48.82782876000001,2.3296608",,,65.0,PHARMACIE CHOUVIN,RUE,D ALESIA
75015,48.8399936,2.2903367,"48.8399936,2.2903367",,,95.0,PHARMACIE DU NOUVEAU BOUCICAUT,RUE,DE LA CONVENTION
75006,48.8515823,2.3275246,"48.8515823,2.3275246",,,19.0,MME DOMINIQUE ALLOUN,RUE,DE SEVRES
75007,48.8576309,2.317604,"48.8576309,2.317604",,,37.0,SELARL PHARMACIE 37 BOURGOGNE,RUE,DE BOURGOGNE
75010,48.8825954,2.3506366,"48.8825954,2.3506366",,,156.0,SELARL PHARMACIE PARIS MAGENTA,BOULEVARD,DE MAGENTA
75012,48.839304,2.3907601,"48.839304,2.3907601",,,11.0,PHARMACIE DES LIONS,BOULEVARD,DE REUILLY
75013,48.82163018,2.36490369,"48.82163018,2.3649036900000002",,,13.0,PHARMACIE CTRE COMMERCIAL MASSENA 13,PL,DE VENETIE
75013,48.819654,2.365252,"48.819654,2.365252",,,34.0,PHARM DE LA PORTE DE CHOISY,AVENUE,LA PORTE DE CHOISY
75014,48.82965636000001,2.32163597,"48.82965636000001,2.32163597",,,137.0,SELAS PHARMACIE CENTRALE D ALESIA,RUE,D ALESIA
75016,48.8400463,2.2640942,"48.8400463,2.2640942",,,181.0,SELARL LA PHARMACIE DU LYCEE,AVENUE,DE VERSAILLES
75020,48.874420220000005,2.39283413,"48.874420220000005,2.3928341300000002",,,25.0,PHARMACIE GROSICKI,RUE,FREDERICK LEMAITRE
75005,48.8396273,2.337376,"48.8396273,2.337376",,,100.0,PHARMACIE DU RER PORT ROYAL,BOULEVARD,DE PORT ROYAL
75005,48.8404588,2.3458574,"48.8404588,2.3458574",,,72.0,PHARMACIE CLAUDE BERNARD,RUE,CLAUDE BERNARD
75011,48.87001485,2.37692595,"48.87001485,2.37692595",,,32.0,SELAS PHARMACIE DE L ORILLON,RUE,DE VAUCOULEURS
75015,48.8385206,2.2990707,"48.8385206,2.2990707",,,315.0,PHARMACIE CUGNOT,RUE,DE VAUGIRARD
75016,48.8656041,2.28297606,"48.8656041,2.28297606",,9 PLACE DE MEXICO,91.0,PHARM PLACE DE MEXICO,RUE,DE LONGCHAMP
75018,48.8954321,2.3282892,"48.8954321,2.3282892",,,90.0,PHARMACIE MARCHAL GEORGEL,AVENUE,DE SAINT OUEN
75019,48.8809687,2.3730635,"48.8809687,2.3730635",B,,44.0,PHARMACIE ROBERT,RUE,DE MEAUX
75005,48.8462937,2.3516048,"48.8462937,2.3516048",,,30.0,PHARMACIE DES ARÈNES,RUE,MONGE
75009,48.8834459,2.3280185,"48.8834459,2.3280185",,,6.0,PHARMACIE EUROPEENNE PLACE CLICHY,PL,DE CLICHY
75010,48.8806507,2.3617968,"48.8806507,2.3617968",,,191.0,PHARM BEN SOUSSAN,RUE,LA FAYETTE
75011,48.84889515,2.39236343,"48.84889515,2.39236343",,,305.0,PHARM 305 RUE DU FBG SAINT ANTOINE,RUE,DU FBG ST ANTOINE
75012,48.8364943,2.3933993,"48.8364943,2.3933993",,,14.0,GRANDE PHARMACIE DE BERCY,RUE,DE WATTIGNIES
75015,48.8427013,2.3120721,"48.8427013,2.3120721",,,185.0,PHARMACIE BUFFON,RUE,DE VAUGIRARD
75016,48.857809,2.2774307,"48.857809,2.2774307",,,2.0,PHARM JOUANNE,PL,DE PASSY
75018,48.8913123,2.3615473,"48.8913123,2.3615473",,,40.0,PHARMACIE DU MARCHE,RUE,DE TORCY
75001,48.86031865,2.34353114,"48.86031865,2.34353114",,,5.0,PHARMACIE DU SAMARITAIN,RUE,DU ROULE
75004,48.8601034,2.3566031,"48.8601034,2.3566031",,,1.0,PHARMACIE RAMBUTEAU,RUE,RAMBUTEAU
75005,48.8480432,2.3510093,"48.8480432,2.3510093",,,6.0,MME MAIWENN LOIREAU,RUE,DES ECOLES
75009,48.8771125,2.3482759,"48.8771125,2.3482759",,,87.0,PHARM ECALLE,RUE,LA FAYETTE
75010,48.8697955,2.3701292,"48.8697955,2.3701292",,,57.0,PHARMACIE POSTIC,RUE,DU FAUBOURG DU TEMPLE
75012,48.84646744,2.41114497,"48.84646744,2.41114497",,,86.0,PHARMACIE DE LA PORTE DE VINCENNES,BOULEVARD,SOULT
75014,48.8375692,2.319428,"48.8375692,2.319428",,,24.0,SELURL PHARMACIE KHUN,PL,DE CATALOGNE
75017,48.8780284,2.2876042,"48.8780284,2.2876042",,,2.0,PHIE DE LA PLACE ST FERDINAND,RUE,DU DEBARCADERE
75018,48.8848039,2.3269945,"48.8848039,2.3269945",,,18.0,PHARMACIE CHATEL,AVENUE,DE CLICHY
75014,48.8293307,2.3173531,"48.8293307,2.3173531",,,66.0,PHARMACIE SPINAZZOLA,RUE,DIDOT
75016,48.8431038,2.2650017,"48.8431038,2.2650017",,,49.0,GRANDE PHARMACIE JOUVENET,RUE,CHARDON LAGACHE
75017,48.8813957,2.294727,"48.8813957,2.294727",,,29.0,PHARM LECLERC,RUE,PIERRE DEMOURS
75017,48.8832923,2.2991265,"48.8832923,2.2991265",,94 RUE PIERRE DEMOURS,162.0,PHARMACIE COURCELLES DEMOURS,RUE,DE COURCELLES
75017,48.8900107,2.3033885,"48.8900107,2.3033885",,,96.0,SELAS PHARMACIE DE LA PORTE D ASNIERES,BOULEVARD,BERTHIER
75018,48.8864826,2.3278676,"48.8864826,2.3278676",,,15.0,PHARMACIE DE L HIPPODROME,RUE,CAVALLOTTI
75018,48.8839522,2.34466597,"48.8839522,2.34466597",,10 RUE SEVESTE,23.0,MLLE CELIA COHEN,RUE,D ORSEL
75006,48.8482512,2.3203933,"48.8482512,2.3203933",,,109.0,SELURL PHARMACIE VANEAU SEVRES,RUE,DE SÈVRES
75008,48.883013870000006,2.3255530000000006,"48.883013870000006,2.3255530000000006",,,15.0,PHARMACIE DES ACACIAS,BOULEVARD,DES BATIGNOLLES
75012,48.8357709,2.3922754,"48.8357709,2.3922754",,,294.0,PHARMACIE BREMOND LEMMET,RUE,DE CHARENTON
75013,48.83348554,2.3659658400000003,"48.83348554,2.3659658400000003",,,5.0,PHARM TEMSTET NAHMANI,SQUARE,DUNOIS
75014,48.83612115,2.31935576,"48.836121150000004,2.31935576",,,57.0,PHARMACIE COHEN BETTAN,RUE,DE L OUEST
75016,48.86689782,2.28408739,"48.86689782,2.28408739",,GALERIE SAINT DIDIER,37.0,PHARMACIE GALERIE ST DIDIER,RUE,SAINT DIDIER
75017,48.8893683,2.3223298,"48.8893683,2.3223298",,,142.0,SELAS GRANDE PHARMACIE BROCHANT,AVENUE,DE CLICHY
75002,48.8711873,2.3430728,"48.8711873,2.3430728",,,178.0,PHARMACIE DES GRANDS BOULEVARDS,RUE,MONTMARTRE
75002,48.8626681,2.3495752,"48.8626681,2.3495752",,,143.0,PHARMACIE INTERNATIONALE CENTRALE,RUE,SAINT DENIS
75009,48.8788863,2.339895,"48.8788863,2.339895",,,36.0,SELAS PHARMACIE CENTRALE MARTYRS,RUE,DES MARTYRS
75012,48.847246,2.3859056,"48.847246,2.3859056",T,,21.0,PHARMACIE DU TRAIN BLEU,BOULEVARD,DIDEROT
75012,48.8453113,2.4044591,"48.8453113,2.4044591",,,14.0,PHARMACIE DU RENDEZ VOUS,RUE,DU RENDEZ VOUS
75013,48.82304026,2.36237092,"48.82304026,2.36237092",,,61.0,PHARMACIE ADELE,AVENUE,DE CHOISY
75014,48.8288792,2.3300642,"48.8288792,2.3300642",,,1.0,PHARMACIE DE MONTBRUN,RUE,MONTBRUN
75015,48.8409056,2.2966952,"48.8409056,2.2966952",,,188.0,SELARL PHARMACIE AIME,RUE,LECOURBE
75015,48.8418293,2.3130284,"48.8418293,2.3130284",,,40.0,PHARMACIE BARBELET,BOULEVARD,PASTEUR
75016,48.865853,2.299436,"48.865853,2.299436",,,7.0,PHARMACIE MARCEAU,AVENUE,MARCEAU
75017,48.8901483,2.3264696,"48.8901483,2.3264696",,,121.0,PHARMACIE SOUIED,AVENUE,DE SAINT OUEN
75002,48.8703066,2.3348742,"48.8703066,2.3348742",,,16.0,PHARMACIE DE LA MICHODIERE,RUE,DE LA MICHODIERE
75006,48.8535776,2.3389152,"48.8535776,2.3389152",,,44.0,PHARMACIE SAINT ANDRE DES ARTS,RUE,SAINT ANDRE DES ARTS
75009,48.8819994,2.3397196,"48.8819994,2.3397196",,,5.0,PHARMACIE DU CARREFOUR,BOULEVARD,DE ROCHECHOUART
75009,48.8724568,2.3479039,"48.8724568,2.3479039",,,49.0,SELARL PHARMACIE DES DEUX LIONS,RUE,DU FG POISSONNIERE
75011,48.8575917,2.3805149,"48.8575917,2.3805149",,,69.0,PHARMACIE BLEUE,BOULEVARD,VOLTAIRE
75014,48.8301165,2.3261956,"48.8301165,2.3261956",,,193.0,PHARM HOMEOPATHIQUE DU MAINE,AVENUE,DU MAINE
75015,48.8447606,2.2900122,"48.8447606,2.2900122",,,76.0,SELARL TIARE PHARMA,RUE,DES ENTREPRENEURS
75015,48.84718835,2.31090605,"48.84718835,2.31090605",,,6.0,PHARMACIE DE BRETEUIL,PL,DE BRETEUIL
75016,48.87079614000001,2.291543130000001,"48.87079614000001,2.291543130000001",,,33.0,PHARMACIE SELARL DU DOME,RUE,LAURISTON
75018,48.8837329,2.3397952,"48.8837329,2.3397952",,,90.0,PHARMACIE DE LA PROVIDENCE,RUE,DES MARTYRS
75019,48.89304131,2.37756908,"48.89304131,2.3775690800000002",,,85.0,PHARMACIE SILLAM,RUE,DE L OURCQ
75019,48.8900199,2.3850906,"48.8900199,2.3850906",,,14.0,PHARMACIE DE L AQUARIUS,RUE,DE THIONVILLE
75009,48.88049827,2.33500944,"48.880498270000004,2.33500944",,,1.0,PHARMACIE DES THEATRES,RUE,FONTAINE
75011,48.8540023,2.3820854,"48.8540023,2.3820854",,,85.0,PHARM EMRIK,RUE,DE CHARONNE
75011,48.8540017,2.3823379,"48.8540017,2.3823379",,,16.0,PHARMACIE ESTRAGON,RUE,DE CHARONNE
75016,48.8581869,2.27416545,"48.8581869,2.27416545",,1 RUE FRANCOIS PONSARD,4.0,PHARM PONSARD,CHS,MUETTE
75016,48.8627304,2.276455,"48.8627304,2.276455",,,72.0,PHARM DE LA TOUR,RUE,DE LA TOUR
75016,48.86713460000001,2.28771685,"48.86713460000001,2.28771685",,,99.0,PHARM LENGRONNE,RUE,LAURISTON
75019,48.887102,2.387767,"48.887102,2.387767",B,,138.0,SELAS PHIE ZAC CLAUDE BERNARD,BOULEVARD,MAC DONALD
75020,48.87006596,2.37938359,"48.87006596,2.3793835899999998",,,86.0,GRANDE PHARMACIE DE BELLEVILLE,BOULEVARD,DE BELLEVILLE
75013,48.8251734,2.3660416,"48.8251734,2.3660416",,,24.0,PHARMACIE DU JAVELOT,RUE,DU JAVELOT
75014,48.84334075000001,2.32426401,"48.84334075000001,2.32426401",,ANGLE 3 RUE DU DEPART,1.0,SELAS PHARMACIE MONTPARNASSE,RUE,D ODESSA
75017,48.8798862,2.3022233,"48.8798862,2.3022233",,,85.0,PHARMACIE DE LA CROIX D OR,RUE,DE COURCELLES
75012,48.8468244,2.4032343,"48.8468244,2.4032343",,,25.0,PHARMACIE DUFOUR,RUE,MARSOULAN
75014,48.8320925,2.3204067,"48.8320925,2.3204067",,,39.0,SELARL ROCHELLE SCELLIER SELARL,RUE,DIDOT
75015,48.8370128,2.3060462,"48.8370128,2.3060462",,,48.0,PHARMACIE D ALLERAY,RUE,PAUL BARRUEL
75015,48.843882,2.3066432,"48.843882,2.3066432",,,60.0,SELAS PHARMACIE ACTIPHARMA,RUE,LECOURBE
75016,48.8760522,2.28688359,"48.8760522,2.28688359",,,63.0,PHARM BOUJENAH,AVENUE,DE LA GRANDE ARMEE
75018,48.88275839,2.3364374,"48.88275839,2.3364374",,,34.0,PHARMACIE PIGALLE,BOULEVARD,DE CLICHY
75019,48.88376087000001,2.3969775400000004,"48.88376087000001,2.3969775400000004",,,1.0,PHARMACIE FOUCHE,BOULEVARD,D INDOCHINE
75020,48.8632649,2.3858206,"48.8632649,2.3858206",,,144.0,PHARMACIE HOMEOPATHIQUE DU XXÈME,BOULEVARD,DE MENILMONTANT
75020,48.8731259,2.3993036,"48.8731259,2.3993036",,ESC A,28.0,PHARMACIE DE LA POSTE,RUE,DU TELEGRAPHE
75007,48.8475511,2.3183826,"48.8475511,2.3183826",,,76.0,PHARM LAFRAGETTE,RUE,DE SEVRES
75010,48.8700976,2.3515236,"48.8700976,2.3515236",,,12.0,PHARM NISSARALY,BOULEVARD,DE BONNE NOUVELLE
75010,48.8814792,2.364948,"48.8814792,2.364948",,,217.0,SELAS PHARMACIE ALAIN SFEZ,RUE,LA FAYETTE
75010,48.8723285,2.3713736,"48.8723285,2.3713736",,,205.0,PHARM LADEUIL,RUE,SAINT MAUR
75011,48.8568716,2.3779908,"48.8568716,2.3779908",,,81.0,PHARMACIE MEYER ISRAEL,RUE,DE LA ROQUETTE
75011,48.8575917,2.3805149,"48.8575917,2.3805149",,,180.0,SARL PHARMACIE VOLTAIRE CHARONNE,BOULEVARD,VOLTAIRE
75012,48.8463,2.372386,"48.8463,2.372386",B,,4.0,SELARL GRANDE PHARMACIE DU DEPART,RUE,DE LYON
75014,48.8405744,2.3214791,"48.8405744,2.3214791",,,69.0,PHARM CENTRALE DU MAINE,AVENUE,DU MAINE
75015,48.8399936,2.2903367,"48.8399936,2.2903367",B,,55.0,SELARL PHIE CONVENTION ST CHARLES,RUE,DE LA CONVENTION
75018,48.8979868,2.3586706,"48.8979868,2.3586706",,,93.0,PHARMACIE NAQROUZ,RUE,DE LA CHAPELLE
75019,48.8842247,2.3760131,"48.8842247,2.3760131",,,52.0,PHARMACIE PARIENTE,AVENUE,JEAN JAURES
75003,48.8616411,2.3519859,"48.8616411,2.3519859",,,54.0,SELARL PHARMACIE BEAUBOURG,RUE,RAMBUTEAU
75006,48.8477609,2.3193475,"48.8477609,2.3193475",,,119.0,PHARMACIE DE SEVRES,RUE,DE SEVRES
75008,48.87961853,2.32689679,"48.87961853,2.32689679",,,21.0,SELEURL PHARMACIE DE LIEGE,RUE,DE LIEGE
75009,48.8839611,2.3323216,"48.8839611,2.3323216",,,5.0,GRANDE PHARMACIE DE LA PLACE BLANCHE,PL,BLANCHE
75012,48.846376,2.3795481,"48.846376,2.3795481",,,52.0,PHARMACIE DIDEROT,BOULEVARD,DIDEROT
75013,48.84096223,2.36919346,"48.84096223,2.36919346",,GARE D AUSTERLITZ,55.0,PHARMACIE DE LA GARE D AUSTERLITZ,QU,D AUSTERLITZ
75015,48.8407954,2.2874031,"48.8407954,2.2874031",,,45.0,PHARMACIE BOUCICAUT,AVENUE,FÉLIX FAURE
75017,48.8857618,2.29063869,"48.8857618,2.29063869",,,5.0,PHARMACIE DE PARIS,PL,DE LA PTE CHAMPERRET
75017,48.8857538,2.3200728,"48.8857538,2.3200728",,40 RUE DES BATIGNOLLES,11.0,SELARL PHARMACIE GILBERT,RUE,BRIDAINE
75019,48.8771538,2.3954278,"48.8771538,2.3954278",,,15.0,PHARMACIE DALOY,RUE,HENRI RIBIERE
75020,48.8692072,2.3919063,"48.8692072,2.3919063",,,134.0,PHARM DU HAUT MESNIL,RUE,DE MENILMONTANT
75020,48.8674561,2.4091998,"48.8674561,2.4091998",,,48.0,PHARMACIE MANDJEE MAZIDE,BOULEVARD,MORTIER
75005,48.8493431,2.3534498,"48.8493431,2.3534498",,,17.0,PHARM DES DEUX RIVES,BOULEVARD,SAINT GERMAIN
75007,48.8579072,2.3006755,"48.8579072,2.3006755",,,124.0,PHARM DU CHAMP DE MARS,RUE,SAINT DOMINIQUE
75011,48.85083139,2.3780863000000005,"48.85083139,2.3780863000000005",,,137.0,SELARL PHARMACIE DE LA SEMEUSE,RUE,DU FBG ST ANTOINE
75019,48.8832859,2.3876277,"48.8832859,2.3876277",,,105.0,PHARMACIE BENAMRAM,RUE,MANIN
75007,48.8517847,2.3257915,"48.8517847,2.3257915",,,6.0,SELARL PHARMACIE DE BABYLONE,RUE,DE BABYLONE
75010,48.8773864,2.3706062,"48.8773864,2.3706062",,,83.0,PHARMACIE DU METRO,BOULEVARD,DE LA VILLETTE
75014,48.8286433,2.3165619,"48.8286433,2.3165619",,,95.0,SARL PEN AR C'HRA,RUE,DIDOT
75014,48.8415816,2.3272382,"48.8415816,2.3272382",,54 BD EDGAR QUINET,43.0,SELARL PHARMACIE EDGAR QUINET,RUE,DELAMBRE
75016,48.8637349,2.272673,"48.8637349,2.272673",,,141.0,PHARM SEGUIN,RUE,DE LA TOUR
75017,48.8782971,2.2945156,"48.8782971,2.2945156",,,24.0,PHARMACIE 24,AVENUE,MAC MAHON
75017,48.876731,2.2947821,"48.876731,2.2947821",,,14.0,SELARL MAC MAHON,AVENUE,MAC MAHON
75018,48.8906973,2.3333276,"48.8906973,2.3333276",,,79.0,PHARM CARETTE,RUE,LAMARCK
75018,48.8861887,2.3342353,"48.8861887,2.3342353",,,30.0,PHARM DE LA BUTTE MONTMARTRE,RUE,LEPIC
75018,48.8841054,2.3524169,"48.8841054,2.3524169",,1 RUE D AUBERVILLIERS,4.0,SNC PHARMACIE DES 3 ARRONDISSEMENTS,BOULEVARD,DE LA CHAPELLE
75019,48.8842247,2.3760131,"48.8842247,2.3760131",,,94.0,SELAS PHARMACIE DES BUTTES CHAUMONT,AVENUE,JEAN JAURES
75001,48.859959710000005,2.3440066000000006,"48.859959710000005,2.3440066000000006",,,12.0,PHARMACIE DU PONT NEUF,RUE,DU PONT NEUF
75004,48.8596824,2.3540861,"48.8596824,2.3540861",,,43.0,PHARMACIE DU TEMPLE,RUE,DU TEMPLE
75008,48.8727993,2.297003,"48.8727993,2.297003",,,133.0,PHARM DU DRUGSTORE DES CHAMPS ELYSEES,AVENUE,DES CHAMPS ELYSEES
75010,48.8769771,2.3518932,"48.8769771,2.3518932",,,55.0,PHARMACIE CHABROL,RUE,DE CHABROL
75016,48.86751003999999,2.29743205,"48.86751003999999,2.29743205",,ANGLE R DE CHAILLOT,18.0,PHARM SAINT PIERRE,RUE,GEORGES BIZET
75017,48.8785341,2.2895868,"48.8785341,2.2895868",,,9.0,PHARM TOLEDANO,RUE,SAINT FERDINAND
75020,48.8726007,2.3908658,"48.8726007,2.3908658",,,361.0,PHARMACIE CH GACHA THOUVENIN,RUE,DES PYRENEES
75020,48.8514871,2.4062808,"48.8514871,2.4062808",,,66.0,SELAS PHARMACIE MARAICHERS,RUE,DES PYRENEES
75002,48.8687628,2.3297223,"48.8687628,2.3297223",,,8.0,PHARMACIE DES CAPUCINES,RUE,DES CAPUCINES
75003,48.8609002,2.354614,"48.8609002,2.354614",,,20.0,PHARMACIE RASPAIL,RUE,RAMBUTEAU
75007,48.8541283,2.3084409,"48.8541283,2.3084409",,,26.0,PHARMACIE ECOLE MILITAIRE,AVENUE,DE TOURVILLE
75009,48.8789636,2.3369894,"48.8789636,2.3369894",,,38.0,PHARMACIE SAINT GEORGES,RUE,NOTRE DAME DE LORETTE
75009,48.8807769,2.3384256,"48.8807769,2.3384256",,,1.0,GRANDE PHARMACIE MASSE,RUE,VICTOR MASSE
75017,48.8817165,2.3153279,"48.8817165,2.3153279",,,8.0,PHARMACIE DE VILLIERS,AVENUE,DE VILLIERS
75018,48.8934597,2.34285690935121,"48.8934597,2.34285690935121",,,3.0,PHARMACIE DU MARCHE DU POTEAU,PL,CHARLES BERNARD
75002,48.865239,2.3468478,"48.865239,2.3468478",,,51.0,PHARMACIE DU MARCHE,RUE,MONTORGUEIL
75009,48.8737927,2.3355997,"48.8737927,2.3355997",,,11.0,PHARMACIE LA FAYETTE,RUE,LA FAYETTE
75009,48.87263189,2.34313453,"48.87263189,2.34313453",,,17.0,PHARMACIE ACTUELLE,RUE,DU FBG MONTMARTRE
75010,48.88379354,2.36698021,"48.88379354,2.36698021",,,84.0,SELAS PHIE PRINCIPALE DE STALINGRAD,RUE,DE L AQUEDUC
75011,48.85686903999999,2.3682442299999997,"48.85686903999999,2.3682442299999997",,,46.0,PHARMACIE HAROLD BELDA,BOULEVARD,BEAUMARCHAIS
75011,48.8540017,2.3823379,"48.8540017,2.3823379",,,136.0,SARL PHARMACIE MASMOUDI,RUE,DE CHARONNE
75017,48.88726204,2.29513134,"48.88726204,2.29513134",,,214.0,PHARMACIE SULTAN,RUE,DE COURCELLES
75017,48.8793021,2.2976052,"48.8793021,2.2976052",,,22.0,PHARMACIE DU MARCHE PONCELET,RUE,PONCELET
75017,48.8961511,2.3184356,"48.8961511,2.3184356",,,36.0,PHARMACIE BESSIERES,BOULEVARD,BESSIERES
75018,48.8849464,2.3374867,"48.8849464,2.3374867",,,18.0,PHARM DU BATEAU LAVOIR,RUE,RAVIGNAN
75019,48.875406,2.3822821,"48.875406,2.3822821",,,38.0,PHARMACIE CONSEIL BOLIVAR,AVENUE,SIMON BOLIVAR
75001,48.8671939,2.3347785,"48.8671939,2.3347785",,,55.0,PHARMACIE TACAPES,RUE,DES PETITS CHAMPS
75007,48.8554742,2.3076275,"48.8554742,2.3076275",,,23.0,PHARM CATHERINE BONNEL,AVENUE,DE LA MOTTE PICQUET
75009,48.8732253,2.3277946,"48.8732253,2.3277946",,,19.0,GRANDE PHARMACIE DE PARIS,RUE,AUBER
75010,48.87663531,2.3560239999999997,"48.87663531,2.3560239999999997",,,125.0,PHARMACIE DU SEPTENTRION,RUE,DU FBG SAINT DENIS
75012,48.8403314,2.3952135,"48.8403314,2.3952135",,,127.0,PHARMACIE VERTE DE REUILLY,RUE,DE REUILLY
75012,48.8379873,2.3993496,"48.8379873,2.3993496",,,206.0,PHARM LE GUERN ET GLUCKMAN,AVENUE,DAUMESNIL
75012,48.8369326,2.4022189,"48.8369326,2.4022189",,,252.0,PHARMACIE DU METRO MICHEL BIZOT,AVENUE,DAUMESNIL
75015,48.8337645,2.286261,"48.8337645,2.286261",,,47.0,PHARM SVOBODA,BOULEVARD,VICTOR
75017,48.8811572,2.3089316,"48.8811572,2.3089316",,2 R DE LOGELBACH,1.0,M PHILIPPE SAADA,RUE,DE PHALSBOURG
75018,48.8897591,2.3493613,"48.8897591,2.3493613",,18 RUE FLOCON,43.0,PHARMACIE DU SQUARE CLIGNANCOURT,RUE,SIMART
75020,48.8692072,2.3919063,"48.8692072,2.3919063",,,85.0,PHARMACIE ATTUIL,RUE,DE MENILMONTANT
75020,48.8759718,2.4024224,"48.8759718,2.4024224",,,82.0,PHARMACIE DU 82,RUE,DE BELLEVILLE
75020,48.85217213,2.40319281,"48.85217213,2.40319281",,,56.0,PHARMACIE CENTRALE D AVRON,RUE,D AVRON
75004,48.854051,2.3686163,"48.854051,2.3686163",,,3.0,PHARMACIE CENTRALE DE LA BASTILLE,BOULEVARD,BEAUMARCHAIS
75005,48.8388965,2.3404172,"48.8388965,2.3404172",,,80.0,PHARMACIE BENKHOUCHA GHOUADNIC,BOULEVARD,DE PORT ROYAL
75005,48.8452055,2.3490752,"48.8452055,2.3490752",,,50.0,PHARM DUCELLIER,RUE,DESCARTES
75008,48.87271017,2.31006324,"48.87271017,2.31006324",,,71.0,SELARL PHARMACIE TOUBOUL,AVENUE,FRANKLIN D ROOSEVELT
75013,48.8270993,2.3671009,"48.8270993,2.3671009",,,53.0,PHARMACIE LELONG,RUE,DE TOLBIAC
75014,48.8225613,2.3276812,"48.8225613,2.3276812",,,109.0,PHARMACIE JOURDAN,BOULEVARD,JOURDAN
75015,48.8362814,2.2945756,"48.8362814,2.2945756",B,,373.0,PHARMACIE SCHAFLER,RUE,DE VAUGIRARD
75018,48.8939071,2.3343602,"48.8939071,2.3343602",,,130.0,PHARMACIE DE SEYNES GRANDCHAMP,RUE,ORDENER
75018,48.8873962,2.3499568,"48.8873962,2.3499568",,,48.0,SELAS PHARMACIE CHATEAU ROUGE,BOULEVARD,BARBES
75007,48.8563382,2.325354,"48.8563382,2.325354",,,9.0,GRANDE PHARMACIE RASPAIL,BOULEVARD,RASPAIL
75014,48.82439004,2.3195795899999996,"48.82439004,2.3195795899999996",,,3.0,SELAS PHARMACIE JEAN MOULIN,PL,LA PORTE DE CHATILLON
75014,48.8276607,2.3270505,"48.8276607,2.3270505",,,79.0,LA GRANDE PHARMACIE D ALESIA,AVENUE,DU GENERAL LECLERC
75006,48.8502584,2.3326961,"48.8502584,2.3326961",,,45.0,PHARMACIE SAINT GERMAIN DES PRES,RUE,BONAPARTE
75006,48.85390885,2.3386236,"48.85390885,2.3386236",,,57.0,PHARMACIE DAUPHINE,RUE,DAUPHINE
75008,48.8724997,2.3021256,"48.8724997,2.3021256",,,10.0,PHARM HIBERT,RUE,WASHINGTON
75011,48.86856025,2.37981462,"48.86856025,2.37981462",,,97.0,PHARM CHAIBI,RUE,JEAN PIERRE TIMBAUD
75011,48.8575917,2.3805149,"48.8575917,2.3805149",,,199.0,PHARMACIE VOLTAIRE DUMAS,BOULEVARD,VOLTAIRE
75013,48.83509956,2.34646015,"48.83509956,2.34646015",,,34.0,PHARM COSCAS BOUZEMANE,BOULEVARD,ARAGO
75015,48.8389689,2.2828942,"48.8389689,2.2828942",,,105.0,SELARL ELFERSI,AVENUE,FELIX FAURE
75016,48.8662711,2.2737162,"48.8662711,2.2737162",B,,16.0,PHARMACIE DUFRENOY,RUE,DUFRENOY
75017,48.8893683,2.3223298,"48.8893683,2.3223298",,,74.0,PHARM LA FOURCHE 17,AVENUE,DE CLICHY
75018,48.8982027,2.3527857,"48.8982027,2.3527857",,,156.0,PHARMACIE BICHAT,BOULEVARD,NEY
75020,48.8767142,2.4072421,"48.8767142,2.4072421",,,168.0,PHARMACIE DE LA PORTE DES LILAS,BOULEVARD,MORTIER
75009,48.8718619,2.3282461,"48.8718619,2.3282461",,,24.0,PHARMACIE CAUMARTIN,RUE,DE CAUMARTIN
75009,48.8747717,2.3407887,"48.8747717,2.3407887",,,27.0,PHARMACIE DES ANTIQUAIRES,RUE,DROUOT
75009,48.876669,2.3413359,"48.876669,2.3413359",,,7.0,PHARMACIE GOLDFARB MARIE,RUE,DE MAUBEUGE
75010,48.8787576,2.3552854,"48.8787576,2.3552854",,,146.0,PHARMACIE DE LIGNAC,RUE,LA FAYETTE
75012,48.8375715,2.3910634,"48.8375715,2.3910634",,,237.0,PHARM DANG,RUE,DE CHARENTON
75013,48.8286538,2.3530172,"48.8286538,2.3530172",,,30.0,PHARMACIE LAVAUX,RUE,BOBILLOT
75013,48.82609203,2.3573116999999995,"48.82609203,2.3573116999999995",,,61.0,TOLBIAC PHARMACIE,AVENUE,D ITALIE
75015,48.8460554,2.277998,"48.8460554,2.277998",,,4.0,PHARMACIE RIVE GAUCHE,AVENUE,EMILE ZOLA
75015,48.8369098,2.2790555,"48.8369098,2.2790555",,,3.0,PHARMACIE BALARD,PL,BALARD
75015,48.8513649,2.300327,"48.8513649,2.300327",,,82.0,PHARMACIE LIVET,AVENUE,DE SUFFREN
75017,48.8932294,2.3189159,"48.8932294,2.3189159",,,1.0,SELARL PHARMACIE ZAIDI,RUE,BERZELIUS
75018,48.8939071,2.3343602,"48.8939071,2.3343602",B,,143.0,PHARMACIE ORDENER,RUE,ORDENER
75018,48.8908178,2.3345642,"48.8908178,2.3345642",,,64.0,SARL DARMON AGNES,RUE,DAMREMONT
75018,48.8895017,2.3461608,"48.8895017,2.3461608",,,2.0,PHARMACIE ANCIENNE RAMEY,RUE,RAMEY
75018,48.8982027,2.3527857,"48.8982027,2.3527857",,,26.0,PHIE DE LA PORTE D AUBERVILIERS,BOULEVARD,NEY
75020,48.8569211,2.4043269,"48.8569211,2.4043269",,,119.0,PHARMACIE MAMANE,RUE,DES PYRENEES
75010,48.8733098,2.3752671,"48.8733098,2.3752671",,,23.0,PHARM LELLOUCHE,BOULEVARD,DE LA VILLETTE
75011,48.8661552,2.379764,"48.8661552,2.379764",,,122.0,PHARMACIE MEZAHI,RUE,OBERKAMPF
75016,48.8372922,2.2582987,"48.8372922,2.2582987",,,122.0,SELARL PHARMACIE DE LA PTE DE ST CLOUD,BOULEVARD,MURAT
75017,48.8893683,2.3223298,"48.8893683,2.3223298",,132 RUE LEGENDRE,96.0,PHARMACIE CLICHY LEGENDRE,AVENUE,DE CLICHY
75001,48.864385129999995,2.34243858,"48.864385129999995,2.34243858",,,7.0,PHARMACIE ANTOINE & CHARMEUX,RUE,DU COQ HERON
75005,48.8498474,2.3500928,"48.8498474,2.3500928",,,50.0,PHARMACIE DES BERNARDINS,BOULEVARD,SAINT GERMAIN
75006,48.8480413,2.3305433,"48.8480413,2.3305433",,,33.0,PHARMACIE DU PALAIS,RUE,DE VAUGIRARD
75009,48.8781833,2.3450111,"48.8781833,2.3450111",,,26.0,PHARM CANCALON,RUE,DE ROCHECHOUART
75011,48.85423243,2.36995697,"48.85423243,2.36995697",,,6.0,SELARL PHARMACIE ROBERT,BOULEVARD,RICHARD LENOIR
75011,48.8575917,2.3805149,"48.8575917,2.3805149",,,34.0,PHARMACIE DU BATACLAN,BOULEVARD,VOLTAIRE
75012,48.84691026,2.36952002,"48.84691026,2.36952002",,,24.0,SELARL PHARMACIE TRAN,AVENUE,LEDRU ROLLIN
75017,48.8867483,2.3185455,"48.8867483,2.3185455",,70 PLACE DR FELIX LOBLIGEOIS,65.0,PHARMACIE L MACQUART MOULIN,RUE,LEGENDRE
75020,48.86891570000001,2.3855957400000003,"48.86891570000001,2.3855957400000003",,,43.0,PHARMACIE 43,RUE,DES MARONITES
75002,48.8690072,2.3390901,"48.8690072,2.3390901",,,1.0,GRANDE PHARMACIE DE LA BOURSE,RUE,DU QUATRE SEPTEMBRE
75008,48.88098344,2.32451499,"48.88098344,2.32451499",,,1.0,PHARMACIE AMSALLEM FRANCK,RUE,CLAPEYRON
75009,48.8706562,2.326197,"48.8706562,2.326197",,,10.0,SELARL PHARMA G,RUE,VIGNON
75012,48.8473286,2.3778406,"48.8473286,2.3778406",,,103.0,PHARMACIE D ALIGRE,RUE,DE CHARENTON
75017,48.8935687,2.3232735,"48.8935687,2.3232735",,,42.0,PHARMACIE 42,RUE,DE LA JONQUIERE
75018,48.8853267,2.3365487,"48.8853267,2.3365487",,,40.0,PHARMACIE DAUBIE,RUE,DES ABBESSES
75020,48.8738246,2.3856779,"48.8738246,2.3856779",,,401.0,M KARIM RACHIDI,RUE,DES PYRENEES
75003,48.8611347,2.364488,"48.8611347,2.364488",,,95.0,GRANDE PHARM DE TURENNE,RUE,DE TURENNE
75006,48.848729,2.3286802,"48.848729,2.3286802",,,105.0,PHARMACIE DARMON GOFFIN,RUE,DE RENNES
75007,48.8595534,2.3064477,"48.8595534,2.3064477",,,88.0,PHARMACIE SAINT DOMINIQUE,RUE,ST DOMINIQUE
75008,48.87656585,2.31314913,"48.87656585,2.31314913",,,54.0,PHARMACIE LA BIENFAISANCE,RUE,DE LA BIENFAISANCE
75008,48.87513987,2.31678524,"48.87513987,2.31678524",,,130.0,PHARMACIE HAUSSMANN LABORDE,BOULEVARD,HAUSSMANN
75009,48.8832823,2.3473938,"48.8832823,2.3473938",B,,17.0,PHARMACIE INTERNATIONALE DE PARIS,BOULEVARD,DE ROCHECHOUART
75010,48.871410640000015,2.3751282700000003,"48.871410640000015,2.3751282700000003",,,123.0,PHARM DU FAUBOURG,RUE,DU FBG DU TEMPLE
75012,48.83520484,2.406976820000001,"48.83520484,2.4069768200000006",,,2.0,PHARMACIE DE LA PORTE DOREE,PL,EDOUARD RENARD
75015,48.8416806,2.3030556,"48.8416806,2.3030556",,,9.0,PHARM DE LA PLACE,PL,DU GENERAL BEURET
75015,48.84367615,2.322312,"48.84367615,2.322312",,,6.0,GRANDE PHARMACIE DE L ARRIVEE,RUE,DE L ARRIVÉE
75016,48.8396083,2.2622127,"48.8396083,2.2622127",,,182.0,PHARMACIE DU POINT DU JOUR,AVENUE,DE VERSAILLES
75016,48.8656231,2.29563899,"48.8656231,2.29563899",,,8.0,PHARMACIE GALLIERA,AVENUE,PIERRE 1ER SERBIE
75020,48.8646193,2.4080598,"48.8646193,2.4080598",,,47.0,SELARL PHARMACIE BANNIER,RUE,BELGRAND
75001,48.86124753,2.34786452,"48.86124753,2.34786452",,NIVEAU 3,1.0,PHARMACIE DU FORUM DES HALLES,RUE,PIERRE LESCOT
75005,48.8375463,2.3536048,"48.8375463,2.3536048",,,76.0,PHARMACIE SAINT MARCEL,BOULEVARD,SAINT MARCEL
75005,48.8437365,2.3547407,"48.8437365,2.3547407",,,1.0,SELARL PHARMACIE DES ARENES DE LUTECE,RUE,LINNE
75007,48.8518471,2.3189437,"48.8518471,2.3189437",,42 RUE DE BABYLONE,40.0,PHARMACIE CENTRALE VANEAU BABYLONE,RUE,VANEAU
75011,48.8576131,2.3795036,"48.8576131,2.3795036",,,1.0,PHARMACIE CENTRALE DU 11ÈME,PL,LEON BLUM
75015,48.8436313,2.2930795,"48.8436313,2.2930795",B,,36.0,PHARMACIE BEAUGRENELLE,RUE,DES ENTREPRENEURS
75015,48.8497951,2.2992699,"48.8497951,2.2992699",B,,57.0,PHARMACIE DE L ECOLE DE GUERRE,AVENUE,DE LA MOTTE PICQUET
75016,48.8584527,2.2836828,"48.8584527,2.2836828",,,8.0,PHARMACIE FRANKLIN,RUE,DE PASSY
75020,48.8651248,2.3950499,"48.8651248,2.3950499",,,2.0,PHIE DE LA PLACE MARTIN NADAUD,PL,MARTIN NADAUD
75020,48.8514871,2.4062808,"48.8514871,2.4062808",B,,243.0,PHARMACIE DES GATINES,RUE,DES PYRENEES
75007,48.8581349,2.3232385,"48.8581349,2.3232385",,,223.0,PHARMACIE SOLFERINO,BOULEVARD,SAINT GERMAIN
75008,48.87766421,2.3269558,"48.87766421,2.3269558",,,21.0,PHARMACIE D AMSTERDAM,RUE,D AMSTERDAM
75010,48.8764422,2.3569764,"48.8764422,2.3569764",,,10.0,PHARMACIE CENTRALE DE L EST,RUE,DU 8 MAI 1945
75015,48.84765565,2.3020917199999995,"48.84765565,2.3020917199999995",,,6.0,PHARM PLACE CAMBRONNE,PL,CAMBRONNE
75017,48.8868111,2.3008534,"48.8868111,2.3008534",,,42.0,SELARL PHARMACIE PEREIRE WAGRAM,BOULEVARD,PEREIRE
75020,48.8529115,2.4059528,"48.8529115,2.4059528",,,1.0,PHARMACIE KOURY,RUE,DES PYRENEES
75006,48.8458505,2.3259774,"48.8458505,2.3259774",,,145.0,PHARM SLAKMON,RUE,DE RENNES
75010,48.8705856,2.3609271,"48.8705856,2.3609271",,,19.0,PHARMACIE GOLDFARB,BOULEVARD,DE MAGENTA
75012,48.8400827,2.3969837,"48.8400827,2.3969837",,,6.0,PHARMACIE LAMBLARDIE,RUE,LAMBLARDIE
75012,48.84097695,2.4046826400000003,"48.84097695,2.4046826400000003",,,2.0,SNC PHARMACIE MORCHOISNE ET CHHUN,AVENUE,DR ARNOLD NETTER
75012,48.84425461,2.41067022,"48.84425461,2.41067022",,,1.0,PHARM COURTELINE,AVENUE,COURTELINE
75016,48.86820406,2.2755065600000006,"48.868204060000004,2.2755065600000006",,,63.0,SARL PHARMACIE ZANA,RUE,DE LA FAISANDERIE
75006,48.8459997,2.3198044,"48.8459997,2.3198044",,,122.0,PHARM CANILLAC,RUE,DU CHERCHE MIDI
75008,48.87340486,2.32271522,"48.87340486,2.32271522",,56 RUE D ANJOU,51.0,PHARMACIE BILLOT,RUE,DES MATHURINS
75009,48.8819676,2.3388672,"48.8819676,2.3388672",,,7.0,PHARMACIE ROSE TOUATI,BOULEVARD,DE CLICHY
75011,48.8575917,2.3805149,"48.8575917,2.3805149",,,29.0,PHARMACIE VOLTAIRE,BOULEVARD,VOLTAIRE
75012,48.84089005,2.3737421000000003,"48.84089005,2.3737421000000003",,,30.0,PHARMACIE RENARD AREMON,QU,RAPEE
75013,48.8287599,2.3695644,"48.8287599,2.3695644",,,3.0,SELARL PHARMACIE MATHIAU LAM,RUE,JEANNE D'ARC
75016,48.86362687,2.28783578,"48.86362687,2.28783578",,,91.0,PHARMACIE KLEBER,AVENUE,KLEBER
75018,48.8897314,2.3413901,"48.8897314,2.3413901",,,43.0,PHARMACIE DE LA BUTTE,RUE,CAULAINCOURT
75018,48.8904169,2.3596324,"48.8904169,2.3596324",,,75.0,PHARMACIE 75,RUE,ORDENER
75001,48.864107,2.3464971,"48.864107,2.3464971",,,23.0,PHARMACIE SAINT EUSTACHE,RUE,MONTORGUEIL
75005,48.8470255,2.3416572,"48.8470255,2.3416572",,,17.0,PHARMACIE SOUFFLOT,RUE,SOUFFLOT
75006,48.8555616,2.3366897,"48.8555616,2.3366897",,,28.0,PHARM PLAIRE,RUE,DE SEINE
75006,48.8544826,2.3369494,"48.8544826,2.3369494",,,61.0,SELARL PHARMACIE DE SEINE,RUE,DE SEINE
75007,48.8561283,2.3260425,"48.8561283,2.3260425",,,19.0,PHARMACIE BAC VERNEUIL,RUE,DU BAC
75009,48.873983,2.331194,"48.873983,2.331194",,,11.0,PHARMACIE DE L OPERA MOGADOR,RUE,DE MOGADOR
75010,48.8728479,2.3579427,"48.8728479,2.3579427",,,90.0,PHARMACIE PRINCIPALE,RUE,DU FG ST MARTIN
75012,48.847796,2.3951686,"48.847796,2.3951686",,,2.0,PHARMACIE DE LA PLACE DE LA NATION,PL,DE LA NATION
75012,48.8452022,2.3982084,"48.8452022,2.3982084",,,94.0,PHARMACIE CENTRALE SAINT MANDE,AVENUE,DE ST MANDE
75013,48.83047611,2.3559477899999997,"48.83047611,2.3559477899999997",B,,5.0,PHARMACIE CAUET,AVENUE,D ITALIE
75013,48.8288582,2.3653251,"48.8288582,2.3653251",,,120.0,SELARL PHARMACIE NATIONALE,RUE,NATIONALE
75018,48.8934654,2.328999,"48.8934654,2.328999",,,234.0,PHARMACIE FARSI,RUE,CHAMPIONNET
75018,48.8954622,2.3624592,"48.8954622,2.3624592",,,2.0,PHARMACIE CENTRALE,PL,PIERRE MAC ORLAN
75020,48.8648255,2.3978523,"48.8648255,2.3978523",,,46.0,PHARMACIE MENILMONTANT,BOULEVARD,DE MENILMONTANT
75001,48.8661307,2.3311526,"48.8661307,2.3311526",,,7.0,PHARMACIE DU MARCHE SAINT HONORE,RUE,DU MARCHE ST HONORE
75005,48.8394748,2.3390592,"48.8394748,2.3390592",,,4.0,PHARM LEROY,BOULEVARD,DE PORT ROYAL
75006,48.847028,2.3301688,"48.847028,2.3301688",,,19.0,PHARMACIE D ASSAS EURL,RUE,DE FLEURUS
75007,48.8541359,2.3239882,"48.8541359,2.3239882",,32 RUE DE VARENNE,87.0,PHARMACIE DE VARENNE,RUE,DU BAC
75011,48.86943328,2.3692251100000004,"48.86943328,2.3692251100000004",,,44.0,MA PHARMACIE REPUBLIQUE,RUE,FAUBOURG DU TEMPLE
75011,48.8694619,2.3693329,"48.8694619,2.3693329",,,28.0,PHARM BERTHELOT ET FOURREAU,RUE,DU FAUBOURG DU TEMPLE
75011,48.86296973,2.37937152,"48.86296973,2.37937152",,,65.0,GRANDE PHARMACIE SAINT MAUR,RUE,SAINT MAUR
75012,48.8355121,2.3981149,"48.8355121,2.3981149",,ANGLE 61 RUE DE WATTIGNIES,2.0,PHARM RALITERA,RUE,DE CAPRI
75012,48.8452022,2.3982084,"48.8452022,2.3982084",,,84.0,PHARMACIE NETTER,AVENUE,DE ST MANDE
75015,48.82857803000001,2.27358876,"48.82857803000001,2.27358876",,6 ALLEE DES FRERES VOISIN,36.0,PHARM DE L HELIPORT,RUE,COLONEL PIERRE AVIA
75015,48.8310694,2.2925616,"48.8310694,2.2925616",,,59.0,PHARMACIE GAUMERAIS,BOULEVARD,LEFEBVRE
75016,48.869731,2.285664,"48.869731,2.285664",,,1.0,SELAS PHARMACIE BRAITMAN,PL,VICTOR HUGO
75019,48.8931234,2.3801748,"48.8931234,2.3801748",,,118.0,PHARM DE LA GEODE,AVENUE,DE FLANDRE
75019,48.8884367,2.3919699,"48.8884367,2.3919699",,,29.0,PHARMACIE MAMAN,RUE,EUGENE JUMIN
75004,48.8591827,2.3488081,"48.8591827,2.3488081",,,10.0,PHARMACIE DES HALLES,BOULEVARD,DE SEBASTOPOL
75008,48.877664210000006,2.2984667100000005,"48.877664210000006,2.2984667100000005",,,239.0,SELARL GRANDE PHARMACIE WAGRAM,RUE,DU FBG SAINT HONORÉ
75008,48.8744643,2.3016664,"48.8744643,2.3016664",,,2.0,PHARMACIE DEVOT,AVENUE,DE FRIEDLAND
75008,48.87340754,2.32433125,"48.87340754,2.32433125",,,39.0,PHARM LUDERS,RUE,DE L ARCADE
75009,48.871275,2.3312505,"48.871275,2.3312505",,,1.0,BRITISH AND AMERICAN PHARMACY,RUE,AUBER
75009,48.8792185,2.3346849,"48.8792185,2.3346849",,,31.0,PHARMACIE PECKER,RUE,DE LA ROCHEFOUCAULD
75013,48.8244247,2.3655088,"48.8244247,2.3655088",,CENTRE COMMERCIAL OSLO,22.0,PHARMACIE OLYMPIADES MASSENA,RUE,DU DISQUE
75013,48.8270993,2.3671009,"48.8270993,2.3671009",,,43.0,PHARMACIE CENTRALE SEINE,RUE,DE TOLBIAC
75015,48.8384712,2.2887008,"48.8384712,2.2887008",,,276.0,PHARMACIE BARUC,RUE,LECOURBE
75015,48.8421252,2.2904369,"48.8421252,2.2904369",,,38.0,PHARMACIE DU MIDI,AVENUE,FELIX FAURE
75015,48.8503399,2.2945661,"48.8503399,2.2945661",,,77.0,PHARMACIE 77 PICQUET GRENELLE,BOULEVARD,DE GRENELLE
75018,48.892578,2.3451771,"48.892578,2.3451771",,,30.0,PHARMACIE JULES JOFFRIN,RUE,HERMEL
75004,48.8571393,2.3541161,"48.8571393,2.3541161",,,2.0,PHARMACIE DES ARCHIVES,RUE,DES ARCHIVES
75004,48.8559303,2.3565155,"48.8559303,2.3565155",,,26.0,SELAS PHIE DU MARAIS SAINT PAUL,RUE,DU PONT LOUIS PHILIPPE
75009,48.8726639,2.3342812,"48.8726639,2.3342812",,,19.0,PHARMACIE 19 HAUSSMANN,BOULEVARD,HAUSSMANN
75009,48.8819402,2.3375172,"48.8819402,2.3375172",,,5.0,PHARMACIE INTERNATIONALE PLACE PIGALLE,PL,PIGALLE
75011,48.8587507,2.3849702,"48.8587507,2.3849702",,,166.0,PHARMACIE TRAN,RUE,DE LA ROQUETTE
75012,48.8468636,2.3993258,"48.8468636,2.3993258",,,71.0,PHARM VALET,BOULEVARD,DE PICPUS
75014,48.8405744,2.3214791,"48.8405744,2.3214791",,,178.0,PHARMACIE DE L EUROPE,AVENUE,DU MAINE
75015,48.8318056,2.3062664,"48.8318056,2.3062664",,,73.0,SANTE PLUS PHARMACIE PARIS SUD,RUE,LABROUSTE
75015,48.8361124,2.3100104,"48.8361124,2.3100104",,,6.0,PHARM BISMUTH SOLAL,PL,FALGUIERE
75017,48.8772108,2.2925204,"48.8772108,2.2925204",,,40.0,PHARMACIE CLAY,RUE,DES ACACIAS
75018,48.8853849,2.34972,"48.8853849,2.34972",,,24.0,SARL PHARMACIE DU PROGRES,BOULEVARD,BARBES
75019,48.8756939,2.3976054,"48.8756939,2.3976054",,,249.0,PHARMACIE BUI NGUYEN,RUE,DE BELLEVILLE
75020,48.852775990000005,2.40650743,"48.852775990000005,2.40650743",,,100.0,PHARM DELARBRE,RUE,D AVRON
75007,48.852943,2.3192649,"48.852943,2.3192649",,,25.0,PHARMACIE DRONAI,RUE,VANEAU
75008,48.87796301,2.3160842699999997,"48.87796301,2.3160842699999997",,,64.0,M SERGE LEVY,BOULEVARD,MALESHERBES
75011,48.867333,2.375607,"48.867333,2.375607",,,65.0,PHARM DES 3 FLEURS,RUE,JEAN PIERRE TIMBAUD
75011,48.8649677,2.37609816,"48.8649677,2.37609816",,,53.0,PHARM ASSOUN,AVENUE,DE LA REPUBLIQUE
75013,48.83596122,2.35883546,"48.83596122,2.35883546",,,119.0,PHARM LAQUINTINIE,BOULEVARD,DE L HOPITAL
75013,48.83450747,2.36737937,"48.83450747,2.36737937",,81 BD VINCENT AURIOL,199.0,SARL ADVANCE INVEST,RUE,DU CHEVALERET
75014,48.8451136,2.3202116,"48.8451136,2.3202116",,,106.0,PHIE DES SCIENCES ET DES ARTS,BOULEVARD,DU MONTPARNASSE
75014,48.8336173,2.3305362,"48.8336173,2.3305362",,,33.0,GRANDE PHARMACIE DAGUERRE,RUE,DAGUERRE
75015,48.8488575,2.2880307,"48.8488575,2.2880307",,,42.0,SARL PHARMACIE DU THEATRE ANPKL,RUE,DU THEATRE
75017,48.8822691,2.3040656,"48.8822691,2.3040656",,,53.0,PHARMACIE DE PRONY,RUE,DE PRONY
75017,48.8819527,2.3145428,"48.8819527,2.3145428",,,120.0,PHARM BOUHNIK,RUE,DE TOCQUEVILLE
75018,48.8907912,2.331265,"48.8907912,2.331265",,,2.0,SELARL PHARMACIE CHARBONNIER,PL,JACQUES FROMENT
75018,48.8886029,2.3469296,"48.8886029,2.3469296",,,23.0,SELARL PHARMACIE CASALONGA,RUE,CUSTINE
75019,48.8906229,2.3763086,"48.8906229,2.3763086",,,7.0,PHARMACIE LES ORGUES,RUE,MATHIS
75006,48.8466444,2.3404641,"48.8466444,2.3404641",,,12.0,PHARMACIE BADER,BOULEVARD,SAINT MICHEL
75007,48.8570996,2.3063387,"48.8570996,2.3063387",,,35.0,PHARMACIE FAUGERAS,RUE,CLER
75010,48.8767766,2.3473863,"48.8767766,2.3473863",,,132.0,PHARMACIE CENTRALE DU NORD,RUE,LA FAYETTE
75011,48.85635942,2.3709413400000003,"48.856359420000004,2.3709413400000003",,,26.0,PHARMACIE RICHARD LENOIR,BOULEVARD,RICHAR LENOIR
75014,48.8408073,2.3218471,"48.8408073,2.3218471",,,43.0,PHARMACIE MONTPARNASSE BIENVENUE,AVENUE,DU MAINE
75016,48.87223248,2.29515087,"48.87223248,2.29515087",,,37.0,PHARMACIE DE LA PEROUSE,RUE,LA PEROUSE
75005,48.8425389,2.3384129,"48.8425389,2.3384129",,,127.0,PHARMACIE DU LUXEMBOURG,BOULEVARD,SAINT MICHEL
75005,48.8499214,2.3434061,"48.8499214,2.3434061",,4 R DE LA SORBONNE,49.0,SELARL PHARMACIE DE LA SORBONNE,RUE,DES ECOLES
75010,48.8712118,2.3603663,"48.8712118,2.3603663",,,29.0,PHARM SEING,BOULEVARD,DE MAGENTA
75013,48.83092903000001,2.34376241,"48.83092903000001,2.34376241",,,127.0,SELARL PHARMACIE SAINT JACQUES,BOULEVARD,AUGUSTE BLANQUI
75015,48.8457481,2.27706889,"48.8457481,2.27706889",,,7.0,PHARMACIE MIRABEAU,RPT,DU PONT MIRABEAU
75015,48.8360521,2.2929768,"48.8360521,2.2929768",,,1.0,PHARMACIE DESNOUETTES,RUE,DESNOUETTES
75015,48.8357916,2.3010819,"48.8357916,2.3010819",,,242.0,PHARM HADDAD JAOUDI,RUE,DE LA CONVENTION
75017,48.8907024,2.3257698,"48.8907024,2.3257698",,,41.0,PHARMACIE BLOCH,RUE,DAUTANCOURT
75018,48.8898115,2.3432205,"48.8898115,2.3432205",,,62.0,PHARMACIE CUSTINE,RUE,CUSTINE
75020,48.8581863,2.4068634,"48.8581863,2.4068634",,,7.0,PHARMACIE DU SQUARE GROUSSIN ROUILLER,SQUARE,DES CARDEURS
75001,48.8627109,2.3373083,"48.8627109,2.3373083",,,115.0,PHARMACIE MARCIANO OHAYON,RUE,SAINT HONORE
75001,48.86652,2.337673,"48.86652,2.337673",,,21.0,PHARMACIE DES PETITS CHAMPS,RUE,DES PETITS CHAMPS
75004,48.8620321,2.3538673,"48.8620321,2.3538673",,,20.0,PHARMACIE DU CENTRE POMPIDOU,RUE,BEAUBOURG
75005,48.8415478,2.3435741,"48.8415478,2.3435741",,,51.0,MME FATIMA HADJAHMED,RUE,GAY LUSSAC
75005,48.84112380000001,2.362649960000001,"48.84112380000001,2.362649960000001",,,28.0,PHARMACIE DU JARDIN DES PLANTES,BOULEVARD,DE L HOPITAL
75006,48.8485708,2.3248041,"48.8485708,2.3248041",,,57.0,PHARMACIE CENTRALE DU CHERCHE MIDI,RUE,DU CHERCHE MIDI
75006,48.8473785,2.3263024,"48.8473785,2.3263024",,,58.0,PHARMACIE SAINT PLACIDE,RUE,ST PLACIDE
75006,48.8514921,2.3368645,"48.8514921,2.3368645",,78 RUE DE SEINE,18.0,SELARL PHARMACIE SAINT SULPICE,RUE,ST SULPICE
75008,48.87134761000001,2.32363164,"48.87134761000001,2.32363164",,,5.0,PHARMACIE DE LA MADELEINE SNC,RUE,CHAUVEAU LAGARDE
75011,48.8565982,2.3792611,"48.8565982,2.3792611",,,116.0,PHARM CELNIK,AVENUE,LEDRU ROLLIN
75013,48.834204,2.344914,"48.834204,2.344914",,,23.0,PHARMACIE LEGRAS WEINER,RUE,DE LA GLACIERE
75014,48.8324976,2.3297734,"48.8324976,2.3297734",,,4.0,PHARMACIE DE LA POSTE,RUE,ERNEST CRESSON
75015,48.8422471,2.3135585,"48.8422471,2.3135585",,,47.0,PHARMACIE NECKER PASTEUR,BOULEVARD,PASTEUR
75016,48.86537774,2.2830589800000007,"48.86537774,2.2830589800000007",,,5.0,PHARMACIE MOREAU,PL,DE MEXICO
75017,48.8837621,2.3210004,"48.8837621,2.3210004",,,56.0,PHARM SAINT LUC,RUE,DES DAMES
75020,48.8567988,2.3973058,"48.8567988,2.3973058",,,30.0,SELAS PHARMACIE MONTE CRISTO,RUE,DE BAGNOLET
75004,48.857705,2.3543303,"48.857705,2.3543303",,,9.0,PHARMACIE DE LA MAIRIE,RUE,DES ARCHIVES
75008,48.87540266,2.31576607,"48.87540266,2.31576607",,,58.0,PHARMACIE MIROMESNIL,RUE,DE MIROMESNIL
75014,48.8258475,2.3128639,"48.8258475,2.3128639",,,64.0,SNC GRANDE PHARMACIE DIDOT,BOULEVARD,BRUNE
75015,48.8421499,2.2816381,"48.8421499,2.2816381",,,119.0,GRANDE PHARMACIE DU 15EME,RUE,SAINT CHARLES
75015,48.8373162,2.3031384,"48.8373162,2.3031384",,,44.0,PHARM DE LA QUINTINIE,RUE,LA QUINTINIE
75016,48.8515906,2.2678256,"48.8515906,2.2678256",,,101.0,PHARM ALTOUNIAN DAMBREVILLE,AVENUE,MOZART
75016,48.86743306999999,2.28001684,"48.86743306999999,2.28001684",,,132.0,PHARMACIE LAMARTINE,AVENUE,VICTOR HUGO
75017,48.887372,2.304723,"48.887372,2.304723",,,7.0,PHARMACIE DE LA PLACE PEREIRE,PL,DU MAL JUIN
75018,48.8897314,2.3413901,"48.8897314,2.3413901",,,106.0,PHARMACIE MATHIEU LE MAREC,RUE,CAULAINCOURT
75018,48.8908055,2.3596922,"48.8908055,2.3596922",,,5.0,SELARL PHIE CENTRALE DE LA CHAPELLE,RUE,DE LA CHAPELLE
75019,48.8931234,2.3801748,"48.8931234,2.3801748",,,27.0,GRANDE PHARMACIE DE STALINGRAD,AVENUE,DE FLANDRE
75019,48.8803175,2.3987766,"48.8803175,2.3987766",,,1.0,PHARMACIE SAINT GERVAIS,RUE,ALPHONSE AULARD
75007,48.8577926,2.3222189,"48.8577926,2.3222189",,,1.0,PHARM MONTEUX,RUE,LAS CASES
75008,48.8713362,2.3038271,"48.8713362,2.3038271",,,84.0,PHARM LES CHAMPS,AVENUE,DES CHAMPS ELYSEES
75008,48.8786341,2.32699496,"48.8786341,2.32699496",,,31.0,PHARMACIE HOMEOPATHIQUE DE L EUROPE,RUE,D AMSTERDAM
75015,48.8421499,2.2816381,"48.8421499,2.2816381",,,122.0,PHARM BAKOUCHE,RUE,SAINT CHARLES
75016,48.8577373,2.2782603,"48.8577373,2.2782603",,,65.0,PHARMACIE HOMEOPATHIQUE DE PASSY,RUE,DE PASSY
75016,48.87516797,2.28392914,"48.87516797,2.28392914",,,138.0,PHARMACIE MALAKOFF,AVENUE,DE MALAKOFF
75017,48.8880797,2.3186755,"48.8880797,2.3186755",,,26.0,PHARM DES MOINES,RUE,DES MOINES
75017,48.8893683,2.3223298,"48.8893683,2.3223298",,,123.0,PHARMACIE MINEL,AVENUE,DE CLICHY
75018,48.8875671,2.3526583,"48.8875671,2.3526583",,,23.0,SELAS PHARMACIE DU MARCHE DEJEAN,RUE,DE SUEZ
75009,48.8739044,2.344947,"48.8739044,2.344947",,,12.0,PHARMACIE DES FOLIES BERGERES,RUE,DE LA BOULE ROUGE
75015,48.8486842,2.2984758,"48.8486842,2.2984758",,,138.0,PHARMACIE METRO MOTTE PICQUET,BOULEVARD,DE GRENELLE
75018,48.8939071,2.3343602,"48.8939071,2.3343602",,,28.0,PHARM LABRELY,RUE,ORDENER
75003,48.8687697,2.3559885,"48.8687697,2.3559885",,,53.0,PHARMACIE DE LA CROIX DE MALTE,BOULEVARD,SAINT MARTIN
75004,48.8583244,2.3499582,"48.8583244,2.3499582",,,18.0,SELARL PHARMACIE DE LA TOUR,RUE,SAINT MARTIN
75005,48.83988,2.3609348,"48.83988,2.3609348",,,8.0,PHARMACIE LAM,BOULEVARD,SAINT MARCEL
75006,48.8529433,2.3348491,"48.8529433,2.3348491",,,8.0,PHARM FALDINI,RUE,DU FOUR
75009,48.8760706,2.3402927,"48.8760706,2.3402927",,ANGLE 2 RUE CONDORCET,61.0,SELAS PHARMACIE BENDAYAN,RUE,DE MAUBEUGE
75010,48.87961507,2.34952658,"48.87961507,2.34952658",,,118.0,PHARM COHEN SOLAL,RUE,DU FBG POISSONNIERE
75011,48.8566255,2.3793868,"48.8566255,2.3793868",,,164.0,PHARMACIE DE LA PLACE,AVENUE,LEDRU ROLLIN
75014,48.8226982,2.3249203,"48.8226982,2.3249203",,134 BD BRUNE,4.0,PHARM PRINCIPALE DE PORTE D ORLEANS,PL,DU 25 AOUT 1944
75015,48.8320136,2.3041177,"48.8320136,2.3041177",,,85.0,PHARMACIE DES MORILLONS,RUE,DES MORILLONS
75016,48.8627931,2.2721791,"48.8627931,2.2721791",,,27.0,PHARM JOURDIN ALBOU,BOULEVARD,JULES SANDEAU
75016,48.8631878,2.2765333,"48.8631878,2.2765333",,,126.0,SELARL PHIE HOMEOPATHIQUE CENTRALE,RUE,DE LA POMPE
75016,48.86861563000001,2.2914209500000005,"48.86861563000001,2.2914209500000005",,,43.0,PHARMACIE BOISSIERE,AVENUE,KLEBER
75017,48.8776419,2.2811115,"48.8776419,2.2811115",,,2.0,PHARMACIE DU PALAIS DES CONGRES,PL,DE LA PORTE MAILLOT
75017,48.8861455,2.3038104,"48.8861455,2.3038104",,,157.0,PHARMACIE ELKESLASSI BERMOT,AVENUE,DE WAGRAM
75018,48.8871389,2.3325701,"48.8871389,2.3325701",,ANGLE 130 RUE CHAMPIONNET,132.0,SELARL PHARMACIE RUBINSTEIN,RUE,DAMREMONT
75010,48.86919647,2.36329302,"48.86919647,2.36329302",,,4.0,PHARM IDOINE,RUE,BEAUREPAIRE
75010,48.8739638,2.3745299,"48.8739638,2.3745299",,,31.0,PHARM BUI CHAMPENOIS THIEN NGOC PHUONG,BOULEVARD,DE LA VILLETTE
75012,48.8472463,2.3959684,"48.8472463,2.3959684",,,20.0,PHARMACIE FABRE D EGLANTINE,PL,DE LA NATION
75014,48.8319969,2.3274891,"48.8319969,2.3274891",,,21.0,PHARMACIE MOUTON DUVERNET,RUE,MOUTON DUVERNET
75015,48.8537653,2.289141,"48.8537653,2.289141",,,6.0,PHARMACIE DE BIR HAKEIM,BOULEVARD,DE GRENELLE
75015,48.8471467,2.292651,"48.8471467,2.292651",,,9.0,PHARMACIE DU FRONT DE SEINE,RUE,DU THEATRE
75015,48.845255079999994,2.31971584,"48.845255079999994,2.31971584",,,38.0,SELARL PHARMACIE NECKER,BOULEVARD,DU MONTPARNASSE
75016,48.87532711,2.28654027,"48.87532711,2.28654027",,,29.0,GRANDE PHARMACIE DURET,RUE,DURET
75019,48.8892369,2.3710425,"48.8892369,2.3710425",,,28.0,PHARM ILLOUZ,RUE,RIQUET
75019,48.8825751,2.3803197,"48.8825751,2.3803197",,,1.0,PHARMACIE DE LA MAIRIE,RUE,ARMAND CARREL
75005,48.8463255,2.3405042,"48.8463255,2.3405042",,,71.0,PHARMACIE INTERNATIONALE SAINT MICHEL,BOULEVARD,SAINT MICHEL
75010,48.8803217,2.3519447,"48.8803217,2.3519447",,,102.0,PHARMACIE BERDAH,RUE,DE MAUBEUGE
75011,48.866042,2.377253,"48.866042,2.377253",,,102.0,PHARMACIE SAINT MAUR OBERKAMPF,RUE,SAINT MAUR
75011,48.8615285,2.3824431,"48.8615285,2.3824431",,,136.0,PHARMACIE DU CHEMIN VERT,RUE,DU CHEMIN VERT
75002,48.867716,2.333023,"48.867716,2.333023",,,6.0,PHARMACIE OPERA CASANOVA,RUE,DANIELLE CASANOVA
75007,48.8597979,2.3090162,"48.8597979,2.3090162",,,75.0,SARL PHARMACIE DE LA COMETE,RUE,ST DOMINIQUE
75009,48.8820496,2.3280319,"48.8820496,2.3280319",,,73.0,PHARMACIE EUROPEENNE MERHOUM PEM,RUE,DE CLICHY
75011,48.86645794,2.3682609200000004,"48.866457940000004,2.3682609200000004",,,9.0,PHARMACIE REPUBLIQUE,AVENUE,DE LA REPUBLIQUE
75011,48.8591443,2.3794671,"48.8591443,2.3794671",,,146.0,SELARL PHARMACIE GONCOURT,AVENUE,PARMENTIER
75016,48.85819003,2.27410689,"48.85819003,2.27410689",,,11.0,PHARMACIE DE LA MUETTE,CHS,MUETTE
75017,48.8804318,2.2872068,"48.8804318,2.2872068",,,90.0,PHARMACIE DES TERNES,AVENUE,DES TERNES
75017,48.8889141,2.3177662,"48.8889141,2.3177662",,99 RUE NOLLET,19.0,PHARM GASTINEAU,RUE,BROCHANT
75018,48.8868224,2.347743,"48.8868224,2.347743",,,38.0,PHARM DADOUN,RUE,DE CLIGNANCOURT
75007,48.8599028,2.3182557,"48.8599028,2.3182557",,,7.0,PHARMACIE DE L ASSEMBLEE,RUE,DE BOURGOGNE
75007,48.8555391,2.3250515,"48.8555391,2.3250515",,,70.0,PHARMACIE BAC SAINT GERMAIN,RUE,DU BAC
75009,48.8760495,2.3437569,"48.8760495,2.3437569",,,17.0,PHARMACIE CADET,RUE,CADET
75010,48.87361541,2.36479841,"48.87361541,2.36479841",,,7.0,PHARMACIE CHOR,RUE,LA GRANGE AUX BELLES
75012,48.8426009,2.3859441,"48.8426009,2.3859441",,,59.0,PHARMACIE DES QUINZE VINGT,RUE,DE CHARENTON
75018,48.8897591,2.3493613,"48.8897591,2.3493613",,,18.0,PHARM SOUSSAN ET AIZENMAN,RUE,SIMART
75011,48.8666079,2.3816012,"48.8666079,2.3816012",,,152.0,PHARMACIE ROSSI,RUE,OBERKAMPF
75013,48.82176965,2.3586268699999997,"48.82176965,2.3586268699999997",,,160.0,PHARM MAISON BLANCHE,AVENUE,D ITALIE
75015,48.8468053,2.2928852,"48.8468053,2.2928852",,,134.0,PHARMACIE DARMON,AVENUE,EMILE ZOLA
75015,48.8463907,2.2952511,"48.8463907,2.2952511",,,52.0,SELARL ZANEA,RUE,DU COMMERCE
75016,48.8489965,2.2657409,"48.8489965,2.2657409",,,4.0,GRANDE PHARMACIE D AUTEUIL,RUE,POUSSIN
75005,48.8416162,2.3497131,"48.8416162,2.3497131",,,89.0,PHARMACIE DU 5EME,RUE,MOUFFETARD
75007,48.8484097,2.3087196,"48.8484097,2.3087196",,,2.0,PHARMACIE DE SAXE,RUE,LEON VAUDOYER
75009,48.876072,2.3456393,"48.876072,2.3456393",,,46.0,PHARM MIGNON,RUE,DE TREVISE
75010,48.8802592,2.3643,"48.8802592,2.3643",,,222.0,SELAS PHARMACIE DOUMERC,RUE,DU FG ST MARTIN
75011,48.86825847,2.3750569999999995,"48.86825847,2.3750569999999995",,,151.0,PHARM BOTBOL,RUE,SAINT MAUR
75011,48.85933,2.3825715,"48.85933,2.3825715",,,26.0,PHARM ST MAUR DESMOULINS,RUE,CAMILLE DESMOULINS
75015,48.8403433,2.2899758,"48.8403433,2.2899758",,,131.0,PHARMACIE CONVENTION CROIX NIVERT,RUE,DE LA CONVENTION
75016,48.86649013,2.27786466,"48.86649013,2.27786466",,,156.0,PHARM VICTOR HUGO,AVENUE,VICTOR HUGO
75016,48.86297296,2.28059361,"48.86297296,2.28059361",,19 RUE FRANKLIN,2.0,PHARMACIE DE CHAILLOT,RUE,SCHEFFER
75017,48.880823,2.2845015,"48.880823,2.2845015",,,2.0,GRANDE PHARMACIE DES SPORTS,PL,DU GENERAL KOENIG
75019,48.8842247,2.3760131,"48.8842247,2.3760131",,,148.0,PHARMACIE DE L OURCQ,AVENUE,JEAN JAURES
75002,48.8667193,2.3471361,"48.8667193,2.3471361",,,7.0,PHARMACIE MODERNE DU SENTIER,RUE,DES PETITS CARREAUX
75012,48.84884655,2.37106204,"48.84884655,2.37106204",,,43.0,PHARMACIE CENTRALE DE LYON,RUE,DE LYON
75012,48.84515045,2.37305010726347,"48.84515045,2.37305010726347",,GARE DE LYON,,PHARM DE LA GARE TGV PARIS LYON,PL,LOUIS ARMAND
75012,48.8362294,2.387599,"48.8362294,2.387599",,,14.0,PHARM TORDJMAN,PL,LACHAMBEAUDIE
75012,48.8451044,2.4028494,"48.8451044,2.4028494",,,45.0,PHARMACIE PICPUS,AVENUE,DE SAINT MANDE
75013,48.834232,2.3539342,"48.834232,2.3539342",,,57.0,PHARMACIE THIAUCOURT,AVENUE,DES GOBELINS
75015,48.8507855,2.2931492,"48.8507855,2.2931492",,,63.0,SNC PHARMACIE DUPLEIX,BOULEVARD,DE GRENELLE
75016,48.8552049,2.2804734,"48.8552049,2.2804734",,7 RUE D ALBONI,1.0,PHARM VOILLOT,RUE,RAYNOUARD
75017,48.8797253,2.2914609,"48.8797253,2.2914609",,,2.0,PHARM CAILLAULT,RUE,PIERRE DEMOURS
75017,48.881251,2.2982861,"48.881251,2.2982861",,,27.0,SELARL PHARMACIE FOURCROY,RUE,FOURCROY
75018,48.8964073,2.3456278,"48.8964073,2.3456278",,,56.0,PHARM CAILLO,BOULEVARD,ORNANO
75020,48.85167025,2.40036584,"48.85167025,2.40036584",,,20.0,PHARM ILLOUZ,RUE,D AVRON
75020,48.8759718,2.4024224,"48.8759718,2.4024224",,,100.0,PHARMACIE LA BELLEVILLOISE,RUE,DE BELLEVILLE
75001,48.8656743,2.3278234,"48.8656743,2.3278234",,,6.0,PHARMACIE SWANN,RUE,DE CASTIGLIONE
75007,48.8505375,2.3115308,"48.8505375,2.3115308",,,42.0,MLLE CAROLINE MESNARD,AVENUE,DE BRETEUIL
75008,48.876097,2.325102,"48.876097,2.325102",,COUR DE ROME GARE ST LAZARE,,PHARMACIE DE LA GARE ST LAZARE,GAL,DES MARCHANDS
75009,48.8787585,2.3466734,"48.8787585,2.3466734",,,58.0,PHARMACIE HOMEOPATHIQUE MAUBEUGE,RUE,DE MAUBEUGE
75012,48.84935698,2.38943195,"48.84935698,2.38943195",,,238.0,PHARM FREGIERE,RUE,DU FBG ST ANTOINE
75012,48.84302,2.3894729,"48.84302,2.3894729",,23 R HENARD,8.0,SELARL PHARMACIE MONTGALLET,RUE,RIESENER
75014,48.8405744,2.3214791,"48.8405744,2.3214791",,,119.0,PHARM BOUTAMI,AVENUE,DU MAINE
75014,48.8347648,2.3327271,"48.8347648,2.3327271",,,97.0,EURL PLANCHE,AVENUE,DENFERT ROCHEREAU
75005,48.8442458,2.3500111,"48.8442458,2.3500111",,,49.0,PHARMACIE DE LA CONTRESCARPE,RUE,LACEPEDE
75007,48.8597976,2.3010849,"48.8597976,2.3010849",,,23.0,SARL PHARMACIE RAMAJO ANCOURT,AVENUE,RAPP
75007,48.8589664,2.3038397,"48.8589664,2.3038397",,,104.0,PARIS PHARMA,RUE,ST DOMINIQUE
75011,48.85440275000001,2.3713772000000004,"48.85440275000001,2.3713772000000004",,,18.0,PHARMACIE DAVAL,RUE,DAVAL
75015,48.8327117,2.303572,"48.8327117,2.303572",,,61.0,PHARMACIE DU PARC,RUE,BRANCION
75016,48.8572717,2.2727894,"48.8572717,2.2727894",,,14.0,SELAS PHARMACIE MOZART,AVENUE,MOZART
75017,48.8812999,2.3002811,"48.8812999,2.3002811",,,89.0,PHARM EMRIK,AVENUE,DE WAGRAM
75017,48.8839221,2.3006586,"48.8839221,2.3006586",,,80.0,PHARMACIE DU 17E,RUE,DE PRONY
75017,48.8938465,2.3219921,"48.8938465,2.3219921",,,58.0,PHARM CASTAGNET,RUE,DE LA JONQUIERE
75018,48.8964073,2.3456278,"48.8964073,2.3456278",,,54.0,SELARL PHARMACIE DU MARCHE,BOULEVARD,ORNANO
75003,48.8582831,2.3645956,"48.8582831,2.3645956",,,50.0,PHARMACIE SAINT GILLES,RUE,DE TURENNE
75009,48.874210860000005,2.3327507100000004,"48.874210860000005,2.3327507100000004",,69 RUE DE PROVENCE,54.0,PHARMACIE DE LA CHAUSSEE D ANTIN,RUE,DE LA CHAUSSÉE D ANTIN
75017,48.8817183,2.2959871,"48.8817183,2.2959871",,,36.0,PHARMACIE CASSAM RAHEMTOLA,AVENUE,NIEL
75017,48.8849221,2.3073186,"48.8849221,2.3073186",,,151.0,PHARMACIE CARNOT,BOULEVARD,MALESHERBES
75020,48.8640546,2.4086132,"48.8640546,2.4086132",,,96.0,SARL PHARMACIE NADJAR,BOULEVARD,DAVOUT
75003,48.8666847,2.3610452,"48.8666847,2.3610452",,,85.0,SELAS PHARMACIE METRO TEMPLE,RUE,DE TURBIGO
75004,48.8574229,2.3575556,"48.8574229,2.3575556",,,30.0,PHARMACIE C BENAD,RUE,VIEILLE DU TEMPLE
75005,48.8439087,2.3421019,"48.8439087,2.3421019",,,38.0,PHARMACIE GAY LUSSAC,RUE,GAY LUSSAC
75006,48.8489662,2.3252485,"48.8489662,2.3252485",,,56.0,PHARM AUTISSIER,RUE,DU CHERCHE MIDI
75006,48.8439291,2.3303671,"48.8439291,2.3303671",,,18.0,PHARMACIE VAVIN,RUE,VAVIN
75007,48.8563439,2.301931,"48.8563439,2.301931",,,54.0,PHARMACIE DE LA BOURDONNAIS,AVENUE,DE LA BOURDONNAIS
75009,48.8795441,2.3459798,"48.8795441,2.3459798",,,44.0,PHARMACIE PARMAST LELLOUCHE,RUE,DE ROCHECHOUART
75010,48.8757681,2.3578797,"48.8757681,2.3578797",,,75.0,PHARMACIE DU SOLEIL,BOULEVARD,DE STRASBOURG
75012,48.8394177,2.3921134,"48.8394177,2.3921134",,,27.0,PHARMACIE DE REUILLY,BOULEVARD,DE REUILLY
75013,48.82290691000001,2.35829741,"48.82290691000001,2.35829741",,,103.0,PHARMACIE HAMMER,AVENUE,D ITALIE
75014,48.828436409999995,2.32499583,"48.828436409999995,2.3249958299999998",,,105.0,PHARMACIE DE LA RIVE GAUCHE,RUE,D ALESIA
75015,48.8349999,2.2897341,"48.8349999,2.2897341",,,240.0,PHARMACIE CATANESE,RUE,DE LA CROIX NIVERT
75015,48.8378562,2.2948057,"48.8378562,2.2948057",,,182.0,PHARMACIE LE CORRE,RUE,DE LA CONVENTION
75016,48.8589279,2.2768284,"48.8589279,2.2768284",,,83.0,GRANDE PHARMACIE DOUMER PASSY,AVENUE,PAUL DOUMER
75017,48.8876427,2.3201881,"48.8876427,2.3201881",,,70.0,PHARMACIE DU SQUARE DES BATIGNOLLES,RUE,LEGENDRE
75018,48.8871389,2.3325701,"48.8871389,2.3325701",,,83.0,PHARMACIE LES GRANDES CARRIERES,RUE,DAMREMONT
75004,48.86059463,2.3493897899999996,"48.86059463,2.3493897899999996",,,24.0,PHARMACIE PREMIERE,BOULEVARD,SEBASTOPOL
75006,48.8547705,2.3362217,"48.8547705,2.3362217",,,6.0,PHARM ZAGORSKI,RUE,JACOB
75009,48.8799981,2.3313436,"48.8799981,2.3313436",,,35.0,SELARL PHARMACIE BRELET,RUE,BLANCHE
75009,48.88239697,2.3335132200000004,"48.88239697,2.3335132200000004",,,30.0,PHARMACIE FONTAINE,RUE,FONTAINE
75011,48.8677117,2.3819756,"48.8677117,2.3819756",,,9.0,PHARM ERBIBOU,BOULEVARD,DE BELLEVILLE
75011,48.853500190000005,2.39274636,"48.853500190000005,2.39274636",,,62.0,SELARL PHARMACIE PHILIPPE AUGUSTE,AVENUE,PHILIPPE AUGUSTE
75014,48.83083887000001,2.3182701300000006,"48.83083887000001,2.3182701300000006",,,169.0,SELARL PHARMACIE DIDOT ALESIA,RUE,D ALESIA
75015,48.8477577,2.3017177,"48.8477577,2.3017177",,,39.0,GRANDE PHARMACIE DE GRENELLE,BOULEVARD,DE GRENELLE
75016,48.8503731,2.25902687148261,"48.8503731,2.25902687148261",,,43.0,PHARMACIE DE LA CROIX BLEUE,RUE,D AUTEUIL
75016,48.86742218999999,2.29024574,"48.86742218999999,2.29024574",,,72.0,PHARMACIE A DUBLY,AVENUE,KLEBER
75001,48.8676619,2.325889,"48.8676619,2.325889",,,2.0,SELARL PHARMACIE GRIGNON,RUE,DUPHOT
75010,48.86997393000001,2.35279237,"48.86997393000001,2.35279237",,,2.0,PHARM BENHAMOU,RUE,DU FBG SAINT DENIS
75010,48.8746053,2.3731968,"48.8746053,2.3731968",,,31.0,SELAS PHARMACIE SHLEIFER-SIMONPIETRI,RUE,DE SAMBRE ET MEUSE
75011,48.85259628,2.38486268,"48.85259628,2.38486268",,,24.0,M ILLAN KHAYAT,RUE,PAUL BERT
75013,48.83148,2.366267,"48.83148,2.366267",,,58.0,SELARL PHARMACIE JEANNE D ARC,RUE,JEANNE D ARC
75014,48.8314359,2.3269628,"48.8314359,2.3269628",,,27.0,PHARMACIE DE LA MAIRIE,RUE,BREZIN
75015,48.8406234,2.3051789,"48.8406234,2.3051789",,,245.0,PHARMACIE VAUGIRARD,RUE,DE VAUGIRARD
75016,48.8510858,2.2748156,"48.8510858,2.2748156",,,2.0,SARL PHARMACIE DEVES,AVENUE,THEOPHILE GAUTIER
75017,48.882367,2.2997296,"48.882367,2.2997296",,,111.0,PHARM DES PLANTES,RUE,DE COURCELLES
75020,48.8693019,2.4092077,"48.8693019,2.4092077",,,76.0,PHARMACIE HOUDARD,BOULEVARD,MORTIER
75002,48.8637502,2.3487856,"48.8637502,2.3487856",,,22.0,PHARMACIE ROSSI NAHON,RUE,DE TURBIGO
75005,48.8384321,2.3563877,"48.8384321,2.3563877",,,54.0,MME FREDERIQUE NOTELET,BOULEVARD,SAINT MARCEL
75006,48.8559452,2.3328547,"48.8559452,2.3328547",,,48.0,PHARMACIE FLORENCE BOUBERT,RUE,JACOB
75008,48.875702,2.2967064,"48.875702,2.2967064",,,10.0,PHARMACIE DE L ARC DE TRIOMPHE,AVENUE,DE WAGRAM
75009,48.8808971,2.3375428,"48.8808971,2.3375428",,,29.0,PHARMACIE DES ARTS,RUE,VICTOR MASSE
75010,48.8795633,2.357466,"48.8795633,2.357466",,,6.0,PHARMANORD,RUE,DE DUNKERQUE
75011,48.86249363000002,2.37359762,"48.86249363000002,2.37359762",,,24.0,PHARMACIE DES SIMPLES,RUE,DE LA FOLIE MERICOURT
75015,48.8405725,2.3000063,"48.8405725,2.3000063",,,2.0,PHARMACIE JACQUEMINET,PL,ADOLPHE CHERIOUX
75015,48.8443635,2.3093451,"48.8443635,2.3093451",,,1.0,PHARMACIE SEVRES LECOURBE,RUE,ERNEST RENAN
75016,48.8485058,2.2659341,"48.8485058,2.2659341",,,5.0,PHARM TEYBER,RUE,BASTIEN LEPAGE
75016,48.87282953,2.2928340700000005,"48.872829530000004,2.2928340700000005",,,6.0,PHARM DE L ARC DE TRIOMPHE,AVENUE,VICTOR HUGO
75017,48.8816761,2.292172,"48.8816761,2.292172",,,45.0,SELARL PHARMACIE GIROT,RUE,BAYEN
75020,48.8514871,2.4062808,"48.8514871,2.4062808",,,336.0,PHARMACIE PYRENEES JOURDAIN,RUE,DES PYRENEES
75003,48.8621134,2.3645511,"48.8621134,2.3645511",,,37.0,PHARM MEYER POINSOT,RUE,DE TURENNE
75003,48.8593755,2.3673858,"48.8593755,2.3673858",,,91.0,PHARMACIE BEAUMARCHAIS,BOULEVARD,BEAUMARCHAIS
75004,48.8557182,2.3579565,"48.8557182,2.3579565",,13 RUE DE RIVOLI,2.0,PHARMACIE RIVOLI,RUE,TIRON
75007,48.8593786,2.298096,"48.8593786,2.298096",,,24.0,PHARMACIE DE LA TOUR EIFFEL,RUE,DE MONTTESSUY
75010,48.8733945,2.3618053,"48.8733945,2.3618053",,,38.0,PHARMACIE DU CANAL SAINT MARTIN,RUE,LUCIEN SAMPAIX
75011,48.86622098000001,2.37134368,"48.86622098000001,2.37134368",,,7.0,SELARL PHARMACIE CHOUMIN,RUE,DES TROIS BORNES
75011,48.8573608,2.386249,"48.8573608,2.386249",,,52.0,M MATHIEU NICOLAS,RUE,DE LA FOLIE REGNAULT
75013,48.820527260000006,2.34899712,"48.820527260000006,2.34899712",,,71.0,SELURL PHARMACIE LAHMI,BOULEVARD,KELLERMANN
75014,48.833355,2.3315621,"48.833355,2.3315621",,,7.0,PHARMACIE DU LION,AVENUE,DU GENERAL LECLERC
75017,48.8910658,2.3246364,"48.8910658,2.3246364",,,40.0,PHARMACIE DAUNY,RUE,DU DOCTEUR HEULIN
75018,48.898037,2.336978,"48.898037,2.336978",,,1.0,PHARMACIE DU BLD NEY,AVENUE,PTE DE MONTMARTRE
75018,48.8982027,2.3527857,"48.8982027,2.3527857",,,37.0,LA PHARMACIE HERBORISTE DE PARIS,BOULEVARD,NEY
75020,48.8544383,2.4022023,"48.8544383,2.4022023",,,60.0,PHARMACIE DE LA REUNION,RUE,DE LA REUNION
75001,48.8685958,2.3251268,"48.8685958,2.3251268",,,12.0,PHARMACIE GAIDOZ,RUE,DU CHEVALIER DE ST GEORGE
75005,48.8398841,2.3565412,"48.8398841,2.3565412",,,18.0,SELARL PHARMACIE SAINT HILAIRE,RUE,GEOFFROY ST HILAIRE
75010,48.8811268,2.3497123,"48.8811268,2.3497123",,GARE DU NORD NIVEAU 1,18.0,PHARMACIE PARIS NORD,RUE,DE DUNKERQUE
75010,48.8706941,2.3613833,"48.8706941,2.3613833",,30 RUE DE LANCRY,2.0,PHARMACIE MAGENTA,PL,JACQUES BONSERGENT
75011,48.86569887,2.3700347500000003,"48.86569887,2.3700347500000003",,,130.0,SELARL PHARMACIE KESSLER BEST,BOULEVARD,RICHARD LENOIR
75012,48.848329,2.371037,"48.848329,2.371037",,,35.0,PHARM GABIN,RUE,DE LYON
75012,48.8425407,2.3977589,"48.8425407,2.3977589",,,59.0,SELAS PHARMACIE TRAN SEBBAGH,RUE,DE PICPUS
75016,48.8554466,2.2699567,"48.8554466,2.2699567",B,,48.0,PHARMACIE COTTET EMARD,AVENUE,MOZART
75017,48.8836922,2.2927877,"48.8836922,2.2927877",,,63.0,PHARMACIE DU CASTOR,RUE,LAUGIER
75017,48.8829808,2.3237818,"48.8829808,2.3237818",,,34.0,PHARMACIE DES BATIGNOLLES,BOULEVARD,DES BATIGNOLLES
75018,48.8883594,2.3493799,"48.8883594,2.3493799",,,25.0,PHARMACIE DOUDEAUVILLE,RUE,DOUDEAUVILLE
75019,48.8784236,2.37438,"48.8784236,2.37438",,,24.0,SELARL PHARMACIE DE L AVENIR,RUE,MATHURIN MOREAU
75020,48.8684156,2.4016849,"48.8684156,2.4016849",,,60.0,PHARM HAIM,AVENUE,GAMBETTA
75006,48.8465829,2.3273297,"48.8465829,2.3273297",,ANGLE 44 RUE DE FLEURUS,7.0,PHARMACIE STANISLAS,RUE,NOTRE DAME DES CHAMPS
75007,48.8563018,2.308199,"48.8563018,2.308199",B,,18.0,PHARMACIE DU 7EME,AVENUE,DE LA MOTTE PICQUET
75008,48.8741607,2.300587,"48.8741607,2.300587",,,29.0,PHARMACIE FRIEDLAND,AVENUE,DE FRIEDLAND
75009,48.87390241,2.34248444,"48.87390241,2.3424844400000002",,53 RUE RICHER,32.0,PHARMACIE CHOPLIN MONTMARTRE,RUE,DU FBG MONTMARTRE
75009,48.88111192000001,2.34972203,"48.88111192000001,2.34972203",,,51.0,SELARL BIOTIDOTE,RUE,DE DUNKERQUE
75011,48.86530027999999,2.37435249,"48.86530027999999,2.37435249",,,48.0,PHARMACIE BOUTRON,AVENUE,DE LA REPUBLIQUE
75011,48.8591443,2.3794671,"48.8591443,2.3794671",,,38.0,PHARMACIE OPTIQUE DU MONDE,AVENUE,PARMENTIER
75014,48.83066175,2.32964615469007,"48.83066175,2.32964615469007",,,29.0,PHARM CHARDAIRE,AVENUE,DU GENERAL LECLERC
75014,48.836965,2.3314466,"48.836965,2.3314466",,,282.0,PHARMACIE RASPAIL 14,BOULEVARD,RASPAIL
75018,48.8933796,2.3426898,"48.8933796,2.3426898",,,82.0,PHARM DU CARREFOUR VERSIGNY,RUE,DUHESME
75002,48.8687845,2.3355254,"48.8687845,2.3355254",,,10.0,PHARMACIE MONSIGNY,RUE,MONSIGNY
75008,48.87769371,2.30601937,"48.877693709999996,2.30601937",,,63.0,SELARL PHARMACIE BRINGER - GRINTAIN,RUE,DE COURCELLES
75008,48.87297341,2.31597368,"48.87297341,2.31597368",,16 R DE PENTHIEVRE,27.0,SELARL PHARMACIE DES ARTS ELYSEES,RUE,DE MIROMESNIL
75009,48.873266,2.3343251,"48.873266,2.3343251",,,8.0,PHARM SANTARELLI,RUE,LA FAYETTE
75009,48.874904,2.3474273,"48.874904,2.3474273",,,1.0,PHARMACIE DU CONSERVATOIRE,RUE,AMBROISE THOMAS
75015,48.8339418,2.2904416,"48.8339418,2.2904416",,,395.0,SARL PHIE DE LA PORTE DE VERSAILLES,RUE,DE VAUGIRARD
75017,48.878583,2.298788,"48.878583,2.298788",,,50.0,PHARMACIE LORRAINE,AVENUE,WAGRAM
75019,48.8812554,2.39174,"48.8812554,2.39174",,,29.0,PHARMACIE BIYONG,RUE,DU GENERAL BRUNET
75005,48.8486599,2.3487031,"48.8486599,2.3487031",,,20.0,PHARMACIE 5,RUE,DES ÉCOLES
75010,48.8701607,2.3545088,"48.8701607,2.3545088",,,11.0,PHARMACIE DE LA SCALA,BOULEVARD,DE STRASBOURG
75014,48.8277549,2.3289438,"48.8277549,2.3289438",,,11.0,M OMAR AADRI,RUE,MARGUERIN
75014,48.8216275,2.34241873,"48.8216275,2.34241873",,,70.0,PHARM DE LA CITÉ,RUE,DE L AMIRAL MOUCHEZ
75015,48.8420925,2.2906251,"48.8420925,2.2906251",,,19.0,PHARMACIE FELIX FAURE,AVENUE,FELIX FAURE
75016,48.8389743,2.2654897,"48.8389743,2.2654897",,,92.0,SELARL PHARMACIE LEVY TEBOUL,BOULEVARD,MURAT
75020,48.8652089,2.3985356,"48.8652089,2.3985356",,,2.0,PHARMACIE GAMBETTA,PL,GAMBETTA
75003,48.8677156,2.353576,"48.8677156,2.353576",,,100.0,SELARL PHARMACIE BUENAVIDA,BOULEVARD,DE SEBASTOPOL
75007,48.854843,2.311547,"48.854843,2.311547",,,25.0,PHARM DES INVALIDES,BOULEVARD,DE LATOUR MAUBOURG
75008,48.8764709,2.3018856,"48.8764709,2.3018856",,,122.0,SELARL PHARMACIE DU FBG SAINT HONORE,RUE,DU FAUBOURG ST HONORE
75011,48.8591443,2.3794671,"48.8591443,2.3794671",,,130.0,PHARM DAHAN B. ET V.,AVENUE,PARMENTIER
75011,48.85043759,2.3818686800000006,"48.85043759,2.3818686800000006",,,191.0,PHARM CENTRALE SAINT ANTOINE,RUE,DU FBG ST ANTOINE
75011,48.84907033000001,2.39711906,"48.84907033000001,2.39711906",,,13.0,NATION PHARMACIE,PL,DE LA NATION
75013,48.826285600000006,2.35726118,"48.826285600000006,2.35726118",,,76.0,PHARMACIE DE L AVENUE,AVENUE,D ITALIE
75015,48.8382468,2.2784429,"48.8382468,2.2784429",,,47.0,PHARMACIE DES CEVENNES,RUE,BALARD
75015,48.8354308,2.3030306,"48.8354308,2.3030306",,,3.0,PHARMACIE CONVENTION VOUILLE,RUE,DE VOUILLE
75020,48.86326878999999,2.3883113299999996,"48.86326878999999,2.3883113299999996",,,11.0,PHARMACIE DE LA PLACE METIVIER,PL,AUGUSTE METIVIER
75008,48.8764709,2.3018856,"48.8764709,2.3018856",,,71.0,PHARMACIE INTERNATIONALE,RUE,DU FAUBOURG SAINT HONORÉ
75011,48.86357456,2.3696807000000004,"48.86357456,2.3696807000000004",,,24.0,SELARL PHARMACIE WIZMAN,RUE,OBERKAMPF
75017,48.8830878,2.287816,"48.8830878,2.287816",,,35.0,PHARM 35,BOULEVARD,GOUVION ST CYR
75017,48.8879946,2.2991453,"48.8879946,2.2991453",,,134.0,PHARM MAAREK,BOULEVARD,BERTHIER
75019,48.8931234,2.3801748,"48.8931234,2.3801748",,,60.0,PHARM TAIEB,AVENUE,DE FLANDRE
75012,48.84924697,2.37831588,"48.84924697,2.37831588",,9 PLACE D ALIGRE,18.0,PHARMACIE DU MARCHE D ALIGRE,RUE,D ALIGRE
75013,48.83055657,2.34405085,"48.83055657,2.34405085",,,69.0,PHARMACIE DU THEATRE,RUE,DE LA GLACIERE
75018,48.8964073,2.3456278,"48.8964073,2.3456278",,,44.0,PHARMACIE DU SIMPLON,BOULEVARD,ORNANO
75019,48.8754556,2.3900866,"48.8754556,2.3900866",,,145.0,PHARMACIE PARGAMIN,RUE,DE BELLEVILLE
75012,48.85066,2.375165,"48.85066,2.375165",,,81.0,PHARM LAHYANI,AVENUE,LEDRU ROLLIN
75020,48.8667312,2.406945,"48.8667312,2.406945",,,38.0,SELARL PHARMACIE ROBIN,RUE,DU CAPITAINE FERBER
75011,48.85390341,2.38239884,"48.85390341,2.38239884",,,43.0,SELARL PHARMACIE LOUGUET,RUE,FAIDHERBE
75012,48.846882,2.3839896,"48.846882,2.3839896",,,88.0,PHARMACIE FROUX,BOULEVARD,DIDEROT
75013,48.830355,2.378446,"48.830355,2.378446",,,19.0,PHARMACIE DE LA BIBLIOTHEQUE,RUE,OLIVIER MESSIAEN
75014,48.826575,2.3095836,"48.826575,2.3095836",,,38.0,PHARMACIE DU MARCHE,BOULEVARD,BRUNE
75015,48.8364494,2.2994673,"48.8364494,2.2994673",,,211.0,PHARMACIE DU MARCHE CONVENTION,RUE,DE LA CONVENTION
75015,48.8427566,2.3028335,"48.8427566,2.3028335",,,112.0,GRANDE PHARMACIE LECOURBE,RUE,LECOURBE
75016,48.8631878,2.2765333,"48.8631878,2.2765333",,118 BIS AVENUE VICTOR HUGO,143.0,SNC PHARMACIE MABILEAU,RUE,DE LA POMPE
75003,48.8632828,2.3614997,"48.8632828,2.3614997",,,47.0,PHARMACIE CHARRET,RUE,DE BRETAGNE
75006,48.8396889,2.3367582,"48.8396889,2.3367582",,,153.0,PHARMACIE LAVAL,BOULEVARD,DU MONTPARNASSE
75006,48.8521108,2.3391176,"48.8521108,2.3391176",,,97.0,PHARMACIE ODEON,BOULEVARD,SAINT GERMAIN
75007,48.8559992,2.3045876,"48.8559992,2.3045876",,,46.0,SARL PHARMACIE BOSQUET,AVENUE,BOSQUET
75008,48.8685399,2.3016134,"48.8685399,2.3016134",,,46.0,PHARM EVANS,RUE,PIERRE CHARRON
75010,48.870543010000006,2.37279652,"48.870543010000006,2.37279652",,,91.0,PHARM MIMOUNI,RUE,DU FBG DU TEMPLE
75011,48.8647505,2.3733405,"48.8647505,2.3733405",,,56.0,PHARMACIE OBERKAMPF,RUE,OBERKAMPF
75014,48.8234265,2.323761,"48.8234265,2.323761",,,128.0,PHARMACIE BERNARD ZERBIB,BOULEVARD,BRUNE
75017,48.8875842,2.3199771,"48.8875842,2.3199771",,73 RUE NOLLET,79.0,PHARMACIE MATHIEU,RUE,LEGENDRE
75019,48.8765181,2.4036491,"48.8765181,2.4036491",,,315.0,PHARM MORET,RUE,DE BELLEVILLE
75003,48.8605948,2.3516451,"48.8605948,2.3516451",,,54.0,PHARMACIE MIMOUN,RUE,BEAUBOURG
75004,48.8535523,2.3657926,"48.8535523,2.3657926",,,21.0,PHARM BATTINO BORGEL,RUE,SAINT ANTOINE
75005,48.8390317,2.349815,"48.8390317,2.349815",,146 RUE MOUFFETARD,2.0,PHARMACIE ST MEDARD,RUE,PASCAL
75011,48.8590967,2.3760315,"48.8590967,2.3760315",,,41.0,PHARMACIE POPINCOURT,RUE,POPINCOURT
75011,48.8540017,2.3823379,"48.8540017,2.3823379",,,135.0,PHARM FOURNEUF,RUE,DE CHARONNE
75013,48.83529603000001,2.35832691,"48.83529603000001,2.35832691",,,137.0,PHARMACIE TEBEKA- FUKS,BOULEVARD,DE L HOPITAL
75017,48.8783503,2.2947778,"48.8783503,2.2947778",,,29.0,PHARMACIE DES TROIS AVENUES,AVENUE,DES TERNES
75017,48.8929148,2.3163857,"48.8929148,2.3163857",,,182.0,PHARM FROMENTIN,AVENUE,DE CLICHY
75017,48.8901483,2.3264696,"48.8901483,2.3264696",,,133.0,PHARM DE LA PORTE DE SAINT OUEN,AVENUE,DE SAINT OUEN
75019,48.8774567,2.3739296,"48.8774567,2.3739296",,,99.0,SARL PHARMACIE BOLIVAR 99,AVENUE,SIMON BOLIVAR
75020,48.8632047,2.4042021,"48.8632047,2.4042021",,,25.0,PHARM GOLDSTEIN,RUE,PELLEPORT
75001,48.862191,2.3396426,"48.862191,2.3396426",,,164.0,PHARMACIE DU PALAIS ROYAL,RUE,SAINT HONORE
75006,48.85169945,2.33868827,"48.85169945,2.33868827",,,1.0,PHARMACIE DE L ECOLE DE MEDECINE,RUE,DE L ODEON
75007,48.8477014,2.3122393,"48.8477014,2.3122393",,,1.0,PHARMACIE DOREL VALIGNY,PL,DE BRETEUIL
75009,48.88011935,2.34499195205847,"48.88011935,2.34499195205847",,,84.0,PHARMACIE DU DELTA,RUE,ROCHECHOUART
75014,48.8255732,2.3277215,"48.8255732,2.3277215",,,3.0,SELAS PHARMACIE SARRETTE SELAS,RUE,SARRETTE
75015,48.8335885,2.3094645,"48.8335885,2.3094645",,,57.0,SELAS PHARMACIE DU PHARE,RUE,DE VOUILLE
75016,48.87025796,2.2826711799999995,"48.87025796,2.2826711799999995",,,18.0,SARL PHARMACIE ELALOUF,AVENUE,BUGEAUD
75016,48.86513561,2.28869408,"48.86513561,2.28869408",,ANGLE RUE DE LONGCHAMP,106.0,SARL PHARMACIE DU TROCADERO,AVENUE,KLEBER
75019,48.8842247,2.3760131,"48.8842247,2.3760131",,,121.0,MME DANIELE SITBON,AVENUE,JEAN JAURES
75020,48.8662352,2.3996224,"48.8662352,2.3996224",,,112.0,PHARMACIE SAINT FARGEAU,AVENUE,GAMBETTA
75009,48.8763897,2.3411233,"48.8763897,2.3411233",,,8.0,PHARMACIE LILI,RUE,DE MAUBEUGE
75011,48.8540017,2.3823379,"48.8540017,2.3823379",,,127.0,PHARM SPORTES,RUE,DE CHARONNE
75012,48.8460618,2.3882692,"48.8460618,2.3882692",,,51.0,PHARM ELMOUCHNINO,RUE,DE REUILLY
75013,48.83176142,2.3543057399999996,"48.83176142,2.3543057399999996",,8 PLACE D ITALIE,1.0,PHARM DE LA PLACE D ITALIE,AVENUE,DE LA SOEUR ROSALIE
75013,48.8313105,2.3609665,"48.8313105,2.3609665",,155 BD VINCENT AURIOL,202.0,PHARMACIE BICHET,RUE,DU CHATEAU DES RENTIERS
75015,48.8414481,2.3075536,"48.8414481,2.3075536",,,198.0,PHARMACIE VOLONTAIRES,RUE,DE VAUGIRARD
75018,48.8851772,2.336914,"48.8851772,2.336914",,,34.0,PHARM CAYLA,RUE,DES ABBESSES
75020,48.85356992,2.4110645099999997,"48.85356992,2.4110645099999997",,,2.0,SELARL PHIE DE LA PORTE DE MONTREUIL,AVENUE,DE LA PORTE MONTREUIL
75004,48.8519511,2.3567388,"48.8519511,2.3567388",,,14.0,SELARL PHARMACIE CENTRALE ILE ST LOUIS,RUE,DES DEUX PONTS
75005,48.8388121,2.350036,"48.8388121,2.350036",,,2.0,SARL PHARMACIE APPEL ET MURAZ,RUE,CLAUDE BERNARD
75005,48.8446062,2.3549149,"48.8446062,2.3549149",,,12.0,PHARM JOURDAN,RUE,LINNÉ
75007,48.8578654,2.3074783,"48.8578654,2.3074783",,,151.0,PHARM COTINAT,RUE,DE GRENELLE
75012,48.8438213,2.3729021,"48.8438213,2.3729021",,,193.0,PHARMACIE GAMMA,RUE,DE BERCY
75012,48.8416869,2.3866213,"48.8416869,2.3866213",,,128.0,PHARMACIE DE LA MAIRIE,AVENUE,DAUMESNIL
75013,48.8233262,2.3476835,"48.8233262,2.3476835",,,96.0,PHARMACIE BOBILLOT MONTSOURIS,RUE,BOBILLOT
75015,48.8403134,2.2954929,"48.8403134,2.2954929",,,199.0,PHARM KAVEH,RUE,LECOURBE
75017,48.88348,2.313647,"48.88348,2.313647",,,5.0,PHARM GATTI,PL,DE LEVIS
75020,48.8759718,2.4024224,"48.8759718,2.4024224",,,6.0,PHARMACIE AU GAGNE PETIT,RUE,DE BELLEVILLE
75005,48.8428621,2.3414429,"48.8428621,2.3414429",,,243.0,PHARMACIE SAINT JACQUES,RUE,SAINT JACQUES
75007,48.8598078,2.3242853,"48.8598078,2.3242853",,,6.0,PHARMACIE D ORSAY,RUE,DE BELLECHASSE
75008,48.8707851,2.3055599,"48.8707851,2.3055599",,130 RUE LA BOETIE,62.0,PHARMACIE ANGLAISE DES CHAMPS ELYSEES,AVENUE,DES CHAMPS ELYSÉES
75009,48.8739328,2.3406145,"48.8739328,2.3406145",,,19.0,PHARMACIE DROUOT,RUE,DROUOT
75010,48.87237086999999,2.34790385,"48.87237086999999,2.34790385",,,20.0,PHARMACIE FOUGERE,RUE,DU FBG POISSONNIERE
75012,48.8489659,2.3762361,"48.8489659,2.3762361",,,12.0,PHARM BODINET,RUE,EMILIO CASTELAR
75013,48.823208,2.354485,"48.823208,2.354485",,,,PHARMACIE DU VILLAGE DES PEUPLIERS,PL,DU DOCTEUR JEAN DELAY
75014,48.8233594,2.3252877,"48.8233594,2.3252877",,,8.0,PHARMACIE MALBE SEAN,BOULEVARD,BRUNE
75015,48.8346769,2.304716,"48.8346769,2.304716",,,22.0,PHARMACIE BRANCION VOUILLE,RUE,DE VOUILLE
75016,48.8631773,2.2766324,"48.8631773,2.2766324",,,66.0,SELARL PHARMACIE BRIOT,RUE,DE LA POMPE
75017,48.8795681,2.3055618,"48.8795681,2.3055618",,,106.0,PHARMACIE DE COURCELLES,BOULEVARD,DE COURCELLES
75017,48.8943992,2.3206611,"48.8943992,2.3206611",,74 RUE DE LA JONQUIERE,51.0,PHARMACIE DE LA JONQUIERE,RUE,POUCHET
75018,48.8875966,2.3534752,"48.8875966,2.3534752",,,2.0,SARL PHARMACIE HADJ ALI,RUE,LEON
75019,48.8960212,2.3790103,"48.8960212,2.3790103",,,7.0,PHARM HASSAN,RUE,CURIAL
75019,48.8749902,2.3888644,"48.8749902,2.3888644",,,137.0,SELARL PHARMACIE NOMBER,RUE,DE BELLEVILLE
