adresse_complete,latitude,longitude,coordinates,categorie_de_l_etablissement,complement_adresse,cp_ville,num_cat,num_fax,num_tel,participant_service_public_hospitalier,raison_sociale,raison_sociale_entite_juridique,type_etablissement
28 R POUCHET,48.8929775,2.3196396,"48.8929775,2.3196396",Centre Hospitalier Spécialisé lutte Maladies Mentales,,75017 PARIS,292,153063758,153063757,Etablissement public de santé,HOPITAL DE JOUR POUCHET,HOPITAL DE JOUR ADULTES PERRAY VAUCLUSE 75 G 20,Centres Hospitaliers Spécialisés Lutte Maladies Mentales
39 R VARENNE,48.8541419,2.3231585,"48.8541419,2.3231585",Centre Hospitalier Spécialisé lutte Maladies Mentales,,75007 PARIS,292,145492976,142222183,Etablissement public de santé,CENTRE VARENNE,,Centres Hospitaliers Spécialisés Lutte Maladies Mentales
26 BD BRUNE,48.8270097,2.3077751,"48.8270097,2.3077751",Centre Médico-Psychologique (C.M.P.),,75014 PARIS,156,145390010,140443912,Etablissement de santé privé d’intérêt collectif,CMP ENFANTS - A.D.H.M.I,CENTRE MEDICO-PSYCHOLOGIQUE ENFANTS DE L'A.D.H.M.I (75/I/08),Autres Etablissements de Lutte contre les Maladies Mentales
QU DE LA RAPEE,48.8408083,2.3881833,"48.8408083,2.3881833",Centre d'Accueil Thérapeutique à temps partiel (C.A.T.T.P.),,75012 PARIS,425,,,Etablissement public de santé,CENTRE DE JOUR-CATTP,HOPITAL DE JOUR - CATTP,Autres Etablissements de Lutte contre les Maladies Mentales
146 AV DE SAINT-OUEN,48.8968974,2.3290195,"48.8968974,2.3290195",Maison de Santé pour Maladies Mentales,,75018 PARIS,161,142299143,146278031,"Etab de santé privé non lucratif, non déclar intérêt collect","HOPITAL DE JOUR "" L'ETINCELLE""",,Autres Etablissements de Lutte contre les Maladies Mentales
9 SENTE DES DOREES,48.8870974,2.393777,"48.8870974,2.393777",Etablissement de Soins Pluridisciplinaire,,75019 PARIS,365,142036123,144845444,Etablissement de santé privé d’intérêt collectif,HÔPITAL JEAN JAURÈS,,Etablissements de Soins de Courte Durée
31 R LA BRÈCHE AUX LOUPS,48.8380814,2.3948933,"48.8380814,2.3948933",Centre Hospitalier Spécialisé lutte Maladies Mentales,,75012 PARIS,292,143461919,143465373,Etablissement public de santé,CENTRE LA BRECHE AUX LOUPS,,Centres Hospitaliers Spécialisés Lutte Maladies Mentales
15 SQ DES CARDEURS,48.8585006,2.4072562,"48.8585006,2.4072562",Centre Médico-Psychologique (C.M.P.),,75020 PARIS,156,,143796355,Etablissement public de santé,CMP ENFANTS AP-HP ROBERT DEBRE 75I12,CENTRE MÉDICO PSYCHOLOGIQUE AP-HP ROBERT DEBRE 75/I/14,Autres Etablissements de Lutte contre les Maladies Mentales
14 R VESALE,48.837893,2.3521788,"48.837893,2.3521788",Centre Hospitalier Régional (C.H.R.),,75005 PARIS,101,155436803,155436800,Etablissement public de santé,HOSPITALISATION A DOMICILE AP- HP,HOSPITALISATION A DOMICILE DE L'A.P.-H.P.,Centres Hospitaliers Régionaux
110 R LEMERCIER,48.8900596,2.3175448,"48.8900596,2.3175448",Centre Postcure Malades Mentaux,,75017 PARIS,430,,142268445,Etablissement public de santé,CENTRE DE POST CURE LEMERCIER,,Autres Etablissements de Lutte contre les Maladies Mentales
9 R DES BLUETS,48.864351,2.3818073,"48.864351,2.3818073",Etablissement de Convalescence et de Repos,,75011 PARIS,108,,155280300,"Etab de santé privé non lucratif, non déclar intérêt collect",HÔPITAL MÈRE-ENFANT DE L'EST PARISIEN,ÉTABLISSEMENT DE SOINS DE SUITE DE L'ASSOCIATION HORIZONS,Etablissements de Soins de Suite et de Réadaptation
49 R MIRABEAU,48.8455671,2.2681367,"48.8455671,2.2681367",Centre Hospitalier Régional (C.H.R.),,75016 PARIS,101,,144963131,Etablissement public de santé,CLINIQUE DENTAIRE STE-PERINE (AP-HP),CLINIQUE DENTAIRE DE L'HOPITAL SAINTE-PERINE DE L'A.P.-H.P.,Centres Hospitaliers Régionaux
28 R DE LA CHAPELLE,48.892257,2.3599294,"48.892257,2.3599294",Centre Médico-Psychologique (C.M.P.),,75018 PARIS,156,155261169,155261160,Etablissement public de santé,CENTRE LACHAPELLE,,Autres Etablissements de Lutte contre les Maladies Mentales
37B R SEBASTIEN MERCIER,48.844026,2.2797754,"48.844026,2.2797754",Centre Postcure Malades Mentaux,,75015 PARIS,430,145799202,145799200,Etablissement public de santé,FOYER DE POST CURE MERCIER,FOYER DE POST CURE ADULTES - CHS SAINTE ANNE SECTEUR 14 & 16,Autres Etablissements de Lutte contre les Maladies Mentales
20 BD JOURDAN,48.8199718,2.3417089,"48.8199718,2.3417089",Maison de Santé pour Maladies Mentales,,75014 PARIS,161,145812710,145888954,"Etab de santé privé non lucratif, non déclar intérêt collect",HOPITAL DE JOUR PARC MONTSOURIS,HOPITAL DE JOUR DU PARC MONTSOURIS C.E.R.E.P.,Autres Etablissements de Lutte contre les Maladies Mentales
21 R LUCIEN SAMPAIX,48.8723996,2.3609359,"48.8723996,2.3609359",Centre Hospitalier Spécialisé lutte Maladies Mentales,,75010 PARIS,292,140229221,147707963,Etablissement public de santé,CENTRE SAMPAIX,,Centres Hospitaliers Spécialisés Lutte Maladies Mentales
53 BD DIDEROT,48.846965,2.3820807,"48.846965,2.3820807",Centre Hospitalier Régional (C.H.R.),,75012 PARIS,101,,143404730,Etablissement public de santé,LABM CTRE HEMOBIO PERINAT,,Centres Hospitaliers Régionaux
23 R TIPHAINE,48.8488179,2.2964935,"48.8488179,2.2964935",Centre Médico-Psychologique (C.M.P.),,75015 PARIS,156,145792040,145750350,Etablissement public de santé,CENTRE TIPHAINE,,Autres Etablissements de Lutte contre les Maladies Mentales
26 BD BRUNE,48.8270097,2.3077751,"48.8270097,2.3077751",Centre Hospitalier Spécialisé lutte Maladies Mentales,,75014 PARIS,292,,,Etablissement public de santé,HOPITAL DE JOUR PEDOPSYCHIATRIQUE,,Centres Hospitaliers Spécialisés Lutte Maladies Mentales
11 R GÉNÉRAL NIOX,48.8367474,2.2625375,"48.8367474,2.2625375",Centre d'Accueil Thérapeutique à temps partiel (C.A.T.T.P.),,75016 PARIS,425,,145258545,Etablissement public de santé,CATTP NIOX,,Autres Etablissements de Lutte contre les Maladies Mentales
24 R BAYEN,48.8806133,2.2941411,"48.8806133,2.2941411",Maison de Santé pour Maladies Mentales,,75017 PARIS,161,140687022,140687000,"Etab de santé privé non lucratif, non déclar intérêt collect",H. JOUR GOMBAULT-DARNAUD,HOPITAL DE JOUR DE L'ASSOCIATION GOMBAULT DARNAUD,Autres Etablissements de Lutte contre les Maladies Mentales
37 R DE COURCELLES,48.8755357,2.3086774,"48.8755357,2.3086774",Etablissement de Soins Chirurgicaux,,75008 PARIS,128,156434383,145625890,Non concerné,CLINIQUE COURCELLES-HAUSSMANN,,Etablissements de Soins de Courte Durée
145B R D'ALÉSIA,48.8299483,2.3206472,"48.8299483,2.3206472",Centre d'Accueil Thérapeutique à temps partiel (C.A.T.T.P.),,75014 PARIS,425,145431877,145450956,Etablissement public de santé,CENTRE ALÉSIA,CENTRE D'ACCUEIL THERAPEUTIQUE À TEMPS PARTIEL -CHS STE ANNE,Autres Etablissements de Lutte contre les Maladies Mentales
42 BD JOURDAN,48.8218125,2.3325274,"48.8218125,2.3325274",Centre Médico-Psychologique (C.M.P.),,75014 PARIS,156,,156616917,Etablissement de santé privé d’intérêt collectif,CMP ENFANTS JOURDAN IMM,CENTRE MEDICO PSYCHOLOGIQUE - INSTITUT MUTUALITE MONTSOURIS,Autres Etablissements de Lutte contre les Maladies Mentales
64 R RENE BINET,48.8991572,2.3366828,"48.8991572,2.3366828",Centre Médico-Psychologique (C.M.P.),,75018 PARIS,156,142522972,142550309,Etablissement public de santé,CMP ENFANTS AP-HP BICHAT 75I12,CENTRE MEDICO-PSYCHOLOGIQUE DE L'AP-HP BICHAT 75/I/12,Autres Etablissements de Lutte contre les Maladies Mentales
4 R DE LA CHINE,48.8658578,2.4010043,"48.8658578,2.4010043",Centre Hospitalier Régional (C.H.R.),,75970 PARIS CEDEX 20,101,156016490,156017000,Etablissement public de santé,HOPITAL TENON (AP-HP),HOPITAL TENON (A.P. - H.P.),Centres Hospitaliers Régionaux
56 R ABBE GROULT,48.8397978,2.2962997,"48.8397978,2.2962997",Centre Médico-Psychologique (C.M.P.),,75015 PARIS,156,153689355,153689346,"Etab de santé privé non lucratif, non déclar intérêt collect",CMP POUR L' ENFANT ET LA FAMILLE,CMP - POUR L'ENFANT ET LA FAMILLE CEREP,Autres Etablissements de Lutte contre les Maladies Mentales
5 R CLAUZEL,48.8789746,2.3391798,"48.8789746,2.3391798",Centre d'Accueil Thérapeutique à temps partiel (C.A.T.T.P.),,75009 PARIS,425,,144530739,Etablissement public de santé,ESPACE ADO 75I03,CTRE ACCUEIL THERAPEUTIQUE TP,Autres Etablissements de Lutte contre les Maladies Mentales
24 R DU FOSSÉ SAINT JACQUES,48.8450983,2.3447757,"48.8450983,2.3447757",Centre Médico-Psychologique (C.M.P.),,75005 PARIS,156,144414129,144414120,Etablissement public de santé,CENTRE SAINT JACQUES,,Autres Etablissements de Lutte contre les Maladies Mentales
114 R DU TEMPLE,48.8629998,2.3580309,"48.8629998,2.3580309",Centre Crise Accueil Permanent,,75003 PARIS,444,,,Etablissement public de santé,CENTRE DE CRISE CHATELET,,Autres Etablissements de Lutte contre les Maladies Mentales
125 R D'AVRON,48.8531483,2.4085778,"48.8531483,2.4085778",Etablissement de Soins Pluridisciplinaire,,75020 PARIS,365,143713396,144641600,Etablissement de santé privé d’intérêt collectif,HOPITAL DE LA CROIX SAINT-SIMON,HOPITAL DE LA CROIX SAINT-SIMON,Etablissements de Soins de Courte Durée
46 R HENRI HUCHARD,48.8990394,2.3295922,"48.8990394,2.3295922",Centre Hospitalier Régional (C.H.R.),,75877 PARIS CEDEX 18,101,140258305,140258080,Etablissement public de santé,HOPITAL BICHAT,HOPITAUX UNIVERSITAIRES PARIS NORD VAL DE SEINE,Centres Hospitaliers Régionaux
166 R DE L'UNIVERSITE,48.8611632,2.3055112,"48.8611632,2.3055112",Etablissement de Soins Pluridisciplinaire,,75007 PARIS,365,145550420,145565600,Non concerné,CLINIQUE DE L'ALMA,,Etablissements de Soins de Courte Durée
1 PL DU PARVIS NOTRE DAME,48.854402,2.348489,"48.854402,2.348489",Centre Hospitalier Spécialisé lutte Maladies Mentales,,75004 PARIS,292,,142348210,Etablissement public de santé,CONSULT PSYCHO-PATHO ADO ET LA FAMILLE,,Centres Hospitaliers Spécialisés Lutte Maladies Mentales
32 AV DARIUS MILHAUD,48.8842154,2.3885101,"48.8842154,2.3885101",Centre d'Accueil Thérapeutique à temps partiel (C.A.T.T.P.),,75019 PARIS,425,142084208,142088649,Etablissement public de santé,CATTP ADULTES DARIUS MILHAUD,CENTRE D'ACCUEIL THÉRAPEUTIQUE À TEMPS PARTIEL,Autres Etablissements de Lutte contre les Maladies Mentales
29 R DU FBG ST-ANTOINE,48.8525974,2.3716623,"48.8525974,2.3716623",Maison de Santé pour Maladies Mentales,,75011 PARIS,161,,153171230,Etablissement de santé privé d’intérêt collectif,ESPACE JEUNES ADULTES,ESPACE JEUNES ADULTES DE LA S.P.A.S.M.,Autres Etablissements de Lutte contre les Maladies Mentales
10 R VAUGELAS,48.8341938,2.2943108,"48.8341938,2.2943108",Centre Hospitalier Régional (C.H.R.),,75015 PARIS,101,140458001,140458000,Etablissement public de santé,HOPITAL VAUGIRARD (AP-HP),GR HOSP NECKER-LAENNEC-VAUGIRARD-(VAUGIRARD),Centres Hospitaliers Régionaux
63 R DE LA ROQUETTE,48.8558373,2.3752069,"48.8558373,2.3752069",Centre Hospitalier (C.H.),,75011 PARIS,355,,,Etablissement public de santé,HOPITAL DE JOUR ROQUETTE,HOPITAL DE JOUR ROQUETTE,Centres Hospitaliers
45 R REBEVAL,48.8748661,2.3792821,"48.8748661,2.3792821",Centre Médico-Psychologique (C.M.P.),,75019 PARIS,156,142491045,142490607,Etablissement public de santé,CMP REBEVAL INFANTO-JUVENIL,,Autres Etablissements de Lutte contre les Maladies Mentales
3 R LESPAGNOL,48.8583921,2.3921466,"48.8583921,2.3921466",Centre Médico-Psychologique (C.M.P.),,75020 PARIS,156,143580531,143581865,Etablissement public de santé,CMP ADULTES LESPAGNOL,CENTRE MEDICO-PSYCHOLOGIQUE - EPS MAISON BLANCHE,Autres Etablissements de Lutte contre les Maladies Mentales
2 R DU FIGUIER,48.8536066,2.3592976,"48.8536066,2.3592976",Centre Hospitalier Spécialisé lutte Maladies Mentales,,75004 PARIS,292,142723028,148878193,Etablissement public de santé,CENTRE DU FIGUIER,,Centres Hospitaliers Spécialisés Lutte Maladies Mentales
9 R JEAN GOUJON,48.8663932,2.3085867,"48.8663932,2.3085867",Etablissement de Soins Chirurgicaux,,75008 PARIS,128,142565133,142250259,Non concerné,CLINIQUE ROOSEVELT,,Etablissements de Soins de Courte Durée
3 CITE D'ANGOULEME,48.8666778,2.3747399,"48.8666778,2.3747399",Maison de Santé pour Maladies Mentales,,75011 PARIS,161,149230644,143389107,"Etab de santé privé non lucratif, non déclar intérêt collect",HOPITAL DE JOUR ETIENNE MARCEL,HOPITAL DE JOUR ETIENNE MARCEL,Autres Etablissements de Lutte contre les Maladies Mentales
8 R DE LA FOLIE-REGNAULT,48.860619,2.3867825,"48.860619,2.3867825",Etablissement de Soins Pluridisciplinaire,,75011 PARIS,365,143790186,143565656,Non concerné,CLINIQUE DU MONT-LOUIS,,Etablissements de Soins de Courte Durée
36 R DE LA VILLETTE,48.8766423,2.3878413,"48.8766423,2.3878413",Centre Médico-Psychologique (C.M.P.),,75019 PARIS,156,142024153,142022077,Etablissement public de santé,CMP LA VILLETTE INFANTO-JUVENIL,CTRE MÉDICO-PSYCHOLOGIQUE ENFANTS MAISON BLANCHE SECTEUR 11,Autres Etablissements de Lutte contre les Maladies Mentales
178 R DE VAUGIRARD,48.8422161,2.3102443,"48.8422161,2.3102443",Maison de Santé pour Maladies Mentales,,75015 PARIS,161,,147270360,Etablissement de santé privé d’intérêt collectif,HOPITAL DE JOUR CAMILLE CLAUDEL,HOPITAL DE JOUR DE LA MUTUELLE GENERALE EDUCATION NATIONALE,Autres Etablissements de Lutte contre les Maladies Mentales
48 BD SERRURIER,48.8787193,2.4019646,"48.8787193,2.4019646",Centre Hospitalier Régional (C.H.R.),,75019 PARIS,101,140034777,140032000,Etablissement public de santé,HOPITAL ROBERT DEBRE (AP-HP),HOPITAL ROBERT DEBRE (A.P. - H.P.),Centres Hospitaliers Régionaux
13 R GRANDE BATELIERE,48.8731588,2.3419865,"48.8731588,2.3419865",Maison de Santé pour Maladies Mentales,,75009 PARIS,161,148248594,147704050,"Etab de santé privé non lucratif, non déclar intérêt collect",HOPITAL DE JOUR GRANGE BATELIERE,,Autres Etablissements de Lutte contre les Maladies Mentales
11 R ABBEVILLE,48.878593,2.3503273,"48.878593,2.3503273",Centre d'Accueil Thérapeutique à temps partiel (C.A.T.T.P.),,75010 PARIS,425,153204183,153204180,Etablissement public de santé,CATTP ADULTES LES CARIATIDES,CENTRE D'ACCUEIL THERAPEUTIQUE A TEMPS PARTIEL ABBEVILLE,Autres Etablissements de Lutte contre les Maladies Mentales
9 R MÉCHAIN,48.8356021,2.3400545,"48.8356021,2.3400545",Etablissement Réadaptation Fonctionnelle,,75014 PARIS,135,,,Non concerné,CTRE DE RÉÉDUC. FCTIONNELLE PORT-ROYAL,CENTRE DE RÉÉDUCATION FONCTIONNELLE PORT ROYAL,Etablissements de Soins de Suite et de Réadaptation
1 PL DU PARVIS NOTRE-DAME,48.8535813,2.3489153,"48.8535813,2.3489153",Centre Hospitalier Régional (C.H.R.),,75181 PARIS CEDEX 04,101,142348065,142348234,Etablissement public de santé,HOPITAL HOTEL-DIEU (AP-HP),HOPITAL DE L'HOTEL-DIEU (A.P. - H.P.),Centres Hospitaliers Régionaux
5 R LEBOUTEUX,48.8833659,2.3161394,"48.8833659,2.3161394",Centre d'Accueil Thérapeutique à temps partiel (C.A.T.T.P.),,75017 PARIS,425,144159963,144159964,Etablissement public de santé,CATTP ADULTES LEBOUTEUX,CENTRE D'ACCUEIL THÉRAPEUTIQUE À TEMPS PARTIEL,Autres Etablissements de Lutte contre les Maladies Mentales
22 R LA GLACIÈRE,48.8358663,2.3450448,"48.8358663,2.3450448",Centre d'Accueil Thérapeutique à temps partiel (C.A.T.T.P.),,75013 PARIS,425,153808814,153808881,Etablissement de santé privé d’intérêt collectif,CATTP ADULTES 75G12,,Autres Etablissements de Lutte contre les Maladies Mentales
4 R LASSON,48.8431462,2.4061284,"48.8431462,2.4061284",Etablissement de Soins Pluridisciplinaire,,75571 PARIS CEDEX 12,365,153364151,153364100,Etablissement de santé privé d’intérêt collectif,"HOPITAL PIERRE ROUQUES ""LES BLUETS""",,Etablissements de Soins de Courte Durée
41 R RAYMOND LOSSERAND,48.8352237,2.3206274,"48.8352237,2.3206274",Maison de Santé pour Maladies Mentales,,75014 PARIS,161,143216060,143202314,"Etab de santé privé non lucratif, non déclar intérêt collect",HOPITAL DE JOUR MARIE ABADIE,,Autres Etablissements de Lutte contre les Maladies Mentales
24 R D HAUTEVILLE,48.8725059,2.3501846,"48.8725059,2.3501846",Centre Hospitalier Spécialisé lutte Maladies Mentales,,75010 PARIS,292,140221317,140221269,Etablissement public de santé,UNITE HOSP HAUTEVILLE MAISON BLANCHE,,Centres Hospitaliers Spécialisés Lutte Maladies Mentales
81 R VERGNIAUD,48.8234627,2.3443368,"48.8234627,2.3443368",Maison de Santé pour Maladies Mentales,,75013 PARIS,161,,145890959,Etablissement de santé privé d’intérêt collectif,HÔPITAL DE JOUR BOUSSINGAULT,HÔPITAL DE JOUR POUR PERSONNES AGÉES BOUSSINGAULT,Autres Etablissements de Lutte contre les Maladies Mentales
15 AV DE LA PORTE DE CHOISY,48.8187203,2.3653728,"48.8187203,2.3653728",Centre Hospitalier Spécialisé lutte Maladies Mentales,,75013 PARIS,292,,169254200,Etablissement public de santé,HÔPITAL HENRI HEY,,Centres Hospitaliers Spécialisés Lutte Maladies Mentales
15 R PIERRE DEMOURS,48.8806069,2.2930475,"48.8806069,2.2930475",Centre Médico-Psychologique (C.M.P.),,75017 PARIS,156,153810367,145744696,Etablissement public de santé,CMP ENFANTS PIERRE DEMOURS,CENTRE MEDICO-PSYCHOLOGIQUE PERRAY VAUCLUSE 75 I 09,Autres Etablissements de Lutte contre les Maladies Mentales
64 R LABROUSTE,48.832139,2.3065391,"48.832139,2.3065391",Etablissement de Soins Chirurgicaux,,75015 PARIS,128,144195188,144195000,Non concerné,CLINIQUE CHIRURG ALLERAY-LABROUSTE,CLINIQUE CHIRURGICALE ALLERAY-LABROUSTE,Etablissements de Soins de Courte Durée
8 R JEAN DOLLFUS,48.8966443,2.3334914,"48.8966443,2.3334914",Centre Hospitalier Spécialisé lutte Maladies Mentales,,75018 PARIS,292,142281618,142288363,Etablissement public de santé,HOPITAL DE JOUR JEAN DOLLFUS,HOPITAL DE JOUR JEAN DOLLFUS CH MAISON BLANCHE,Centres Hospitaliers Spécialisés Lutte Maladies Mentales
8 R JEAN-DOLLFUS,48.8966443,2.3334914,"48.8966443,2.3334914",Centre d'Accueil Thérapeutique à temps partiel (C.A.T.T.P.),,75018 PARIS,425,142281618,142288363,Etablissement public de santé,CMP ADULTES JEAN-DOLLFUS,CENTRE MEDICO-PSYCHOLOGIQUE MAISON BLANCHE 75 G 22,Autres Etablissements de Lutte contre les Maladies Mentales
26 R D'ULM,48.8435418,2.3447836,"48.8435418,2.3447836",Centre de Lutte Contre Cancer,,75005 PARIS,131,143290203,144324000,Etablissement de santé privé d’intérêt collectif,INSTITUT CURIE,SECTION MEDICALE ET HOSPITALIERE DE L'INSTITUT CURIE,Centres de Lutte contre le Cancer
1 AV CLAUDE VELLEFAUX,48.872706,2.3696898,"48.872706,2.3696898",Centre Hospitalier Régional (C.H.R.),,75475 PARIS CEDEX 10,101,142499954,142494949,Etablissement public de santé,HOPITAL SAINT-LOUIS (AP-HP),HOPITAL SAINT-LOUIS (A.P.- H.P.),Centres Hospitaliers Régionaux
15 R EUGENE MILLON,48.8377714,2.2928287,"48.8377714,2.2928287",Etablissement Réadaptation Fonctionnelle,,75015 PARIS,135,140447873,145308500,Etablissement de santé privé d’intérêt collectif,HOPITAL PRIVE COGNACQ-JAY,HOPITAL PRIVE COGNACQ-JAY,Etablissements de Soins de Suite et de Réadaptation
40 VOI ORDONER,48.89215,2.3444472,"48.89215,2.3444472",Centre Médico-Psychologique (C.M.P.),,75018 PARIS,156,142555686,142598340,Etablissement public de santé,CMP CATTP ORDENER,,Autres Etablissements de Lutte contre les Maladies Mentales
5 R SAINT DENIS,48.8587662,2.3474434,"48.8587662,2.3474434",Centre Hospitalier Spécialisé lutte Maladies Mentales,,75001 PARIS,292,,,Etablissement public de santé,CENTRE CHATELET,,Centres Hospitaliers Spécialisés Lutte Maladies Mentales
14 R BRANTOME,48.862438,2.353097,"48.862438,2.353097",Centre Hospitalier Spécialisé lutte Maladies Mentales,,75003 PARIS,292,140290114,142771580,Etablissement public de santé,CENTRE DE L'HORLOGE,,Centres Hospitaliers Spécialisés Lutte Maladies Mentales
4 R CHARLES LAUTH,48.8989806,2.3683833,"48.8989806,2.3683833",Centre Hospitalier Spécialisé lutte Maladies Mentales,LA POMME,75018 PARIS,292,140372986,140375099,Etablissement public de santé,UHME LA POMME,CENTRE PEDO-PSYCHIATRIQUE EPS MAISON BLANCHE SECTEUR 3 ET 11,Centres Hospitaliers Spécialisés Lutte Maladies Mentales
184 R DU FAUBOURG SAINT ANTOINE,48.850251,2.3829799,"48.850251,2.3829799",Centre Hospitalier Régional (C.H.R.),,75571 PARIS CEDEX 12,101,149282084,149282000,Etablissement public de santé,HOPITAL SAINT-ANTOINE (AP-HP),HOPITAL SAINT-ANTOINE (AP-HP),Centres Hospitaliers Régionaux
6 R JACQUEMONT,48.8883323,2.3232148,"48.8883323,2.3232148",Etablissement de Soins Chirurgicaux,,75017 PARIS,128,142633425,153061818,Non concerné,CLINIQUE CHIRURGICALE DAUTANCOURT,CLINIQUE CHIRURGICALE DAUTANCOURT,Etablissements de Soins de Courte Durée
22 R DE LA POINTE D'IVRY,48.822432,2.3637947,"48.822432,2.3637947",Atelier Thérapeutique,,75013 PARIS,366,145707338,153942020,Etablissement de santé privé d’intérêt collectif,ATELIER THERAPEUTIQUE M.G.E.N.,ATELIER THERAPEUTIQUE HOPITAL DE JOUR,Autres Etablissements de Lutte contre les Maladies Mentales
27 R DU FAUBOURG SAINT-JACQUES,48.8358652,2.3377527,"48.8358652,2.3377527",Centre Hospitalier Régional (C.H.R.),,75679 PARIS CEDEX 14,101,158411120,158414141,Etablissement public de santé,HOPITAL COCHIN,HOPITAUX UNIVERSITAIRES PARIS CENTRE-HOP COCHIN,Centres Hospitaliers Régionaux
8 PL DE L'ABBE G. HENOCQUE,48.8238387,2.3529865,"48.8238387,2.3529865",Etablissement de Soins Pluridisciplinaire,,75013 PARIS,365,145884156,145880445,Non concerné,HÔPITAL PRIVÉ DES PEUPLIERS,,Etablissements de Soins de Courte Durée
82 AV DENFERT-ROCHEREAU,48.8359687,2.3338655,"48.8359687,2.3338655",Centre Hospitalier Régional (C.H.R.),,75014 PARIS,101,,140488111,Etablissement public de santé,GPE HOSP COCHIN-SAINT VINCENT DE PAUL,GPE HOSP COCHIN-SAINT VINCENT DE PAUL-GPT HOSP UNIVERS.OUEST,Centres Hospitaliers Régionaux
124 BD NEY,48.8978872,2.3408543,"48.8978872,2.3408543",Centre Médico-Psychologique (C.M.P.),,75018 PARIS,156,142597532,142590202,Etablissement public de santé,CMP NEY (HOPITAL BICHAT),,Autres Etablissements de Lutte contre les Maladies Mentales
13 SQ DES CARDEURS,48.858564,2.4074078,"48.858564,2.4074078",Centre Médico-Psychologique (C.M.P.),,75020 PARIS,156,143792476,143796355,Etablissement public de santé,CMP ADULTES DES CARDEURS,CENTRE MÉDICO-PSYCHOLOGIQUE ADULTES MAISON BLANCHE SECTEUR29,Autres Etablissements de Lutte contre les Maladies Mentales
59 R GEOFFROY SAINT HILAIRE,48.8435919,2.3549532,"48.8435919,2.3549532",Etablissement de Soins Chirurgicaux,,75005 PARIS,128,143377398,144084000,Non concerné,CLINIQUE GEOFFROY SAINT-HILAIRE,CLINIQUE GEOFFROY SAINT-HILAIRE,Etablissements de Soins de Courte Durée
11 R PONS CARME,48.8265034,2.3676796,"48.8265034,2.3676796",Etablissement de Soins Pluridisciplinaire,,75013 PARIS,365,145838813,140770202,Non concerné,CLINIQUE JEANNE D'ARC,,Etablissements de Soins de Courte Durée
106 AV EMILE ZOLA,48.8466393,2.2897932,"48.8466393,2.2897932",Etablissement de Soins Médicaux,,75015 PARIS,129,143922110,143922100,Etablissement de santé privé d’intérêt collectif,MAISON MEDICALE JEANNE GARNIER,,Etablissements de Soins de Courte Durée
5B R DU DOME,48.8713798,2.2913808,"48.8713798,2.2913808",Etablissement de Soins Chirurgicaux,,75016 PARIS,128,153655370,153655365,Non concerné,CLINIQUE VICTOR HUGO,CLINIQUE CHIRURGICALE VICTOR HUGO,Etablissements de Soins de Courte Durée
25 VLA SANTOS DUMONT,48.8337932,2.3049715,"48.8337932,2.3049715",Maison de Santé pour Maladies Mentales,,75015 PARIS,161,142502823,148284333,"Etab de santé privé non lucratif, non déclar intérêt collect",HOPITAL DE JOUR SANTOS-DUMONT,,Autres Etablissements de Lutte contre les Maladies Mentales
96 R DIDOT,48.8272791,2.3144097,"48.8272791,2.3144097",Centre Hospitalier Régional (C.H.R.),,75014 PARIS,101,145147014,143959595,Etablissement public de santé,GPE HOSP BROUSSAIS-HEGP,GPE HOSP BROUSSAIS-HEGP-GPT HOSP UNIVERSITAIRE OUEST,Centres Hospitaliers Régionaux
68 R DES PLANTES,48.8264869,2.3198741,"48.8264869,2.3198741",Etablissement de Soins Pluridisciplinaire,,75014 PARIS,365,153626747,153626666,Etablissement de santé privé d’intérêt collectif,CENTRE PASTEUR VALLERY RADOT,CENTRE PASTEUR VALLERY RADOT DE L'ASSOCIATION AURA,Etablissements de Soins de Courte Durée
178 R DE VAUGIRARD,48.8422161,2.3102443,"48.8422161,2.3102443",Maison de Santé pour Maladies Mentales,,75015 PARIS,161,147043998,153658420,Etablissement de santé privé d’intérêt collectif,HOPITAL DE JOUR VINCENT VAN GOGH,CENTRE DE SANTE MENTALE ET DE READAPTATION DE PARIS MGEN,Autres Etablissements de Lutte contre les Maladies Mentales
16 R DE L'AQUEDUC,48.8805432,2.3601462,"48.8805432,2.3601462",Etablissement Réadaptation Fonctionnelle,,75010 PARIS,135,153262229,153262222,Etablissement de santé privé d’intérêt collectif,URF LEOPOLD BELLAN,UNITE DE REEDUCATION FONCTIONNELLE LEOPOLD BELLAN,Etablissements de Soins de Suite et de Réadaptation
78 R DE PICPUS,48.8416869,2.3981239,"48.8416869,2.3981239",Etablissement de Convalescence et de Repos,,75012 PARIS,108,144687139,144687298,"Etab de santé privé non lucratif, non déclar intérêt collect",FONDATION DE ROTHSCHILD (SSR),SOINS DE SUITE ET DE READAPTATION DE LA FONDATION ROTSCHILD,Etablissements de Soins de Suite et de Réadaptation
95 R MICHEL-ANGE,48.8402399,2.2581138,"48.8402399,2.2581138",Etablissement de Soins Pluridisciplinaire,,75016 PARIS,365,140712452,140712424,Etablissement de santé privé d’intérêt collectif,HOPITAL HENRY DUNANT,HOPITAL HENRY DUNANT DE LA CROIX ROUGE FRANCAISE,Etablissements de Soins de Courte Durée
14 CITE FALGUIÈRE,48.8407824,2.3120565,"48.8407824,2.3120565",Centre Hospitalier Spécialisé lutte Maladies Mentales,,75015 PARIS,292,,145444587,Etablissement public de santé,CENTRE FALGUIERE,,Centres Hospitaliers Spécialisés Lutte Maladies Mentales
20 VLA COMPOINT,48.8917305,2.3247595,"48.8917305,2.3247595",Centre Hospitalier Spécialisé lutte Maladies Mentales,,75017 PARIS,292,142294505,142294545,Etablissement public de santé,CENTRE COMPOINT,,Centres Hospitaliers Spécialisés Lutte Maladies Mentales
29 R SAINT DIDIER,48.8663942,2.2855778,"48.8663942,2.2855778",Centre Hospitalier Spécialisé lutte Maladies Mentales,,75016 PARIS,292,147554210,147556348,Etablissement public de santé,CENTRE SAINT DIDIER,,Centres Hospitaliers Spécialisés Lutte Maladies Mentales
12 R JACQUEMONT,48.8880292,2.3227945,"48.8880292,2.3227945",Centre Médico-Psychologique (C.M.P.),,75017 PARIS,156,153068485,153068484,"Etab de santé privé non lucratif, non déclar intérêt collect",CMP ADULTES FRANÇOISE MINKOWSKA,CENTRE MEDICO-PSYCHOLOGIQUE FRANÇOISE MINKOWSKA (75/G/08),Autres Etablissements de Lutte contre les Maladies Mentales
27 R DE LA JONQUIERE,48.8935347,2.3246893,"48.8935347,2.3246893",Etablissement de Convalescence et de Repos,,75017 PARIS,108,,826961600,Non concerné,CLINIQUE DE LA JONQUIERE,,Etablissements de Soins de Suite et de Réadaptation
36 R D'ASSAS,48.8476081,2.3295914,"48.8476081,2.3295914",Etablissement de Soins Chirurgicaux,,75006 PARIS,128,142220546,144395300,"Etab de santé privé non lucratif, non déclar intérêt collect",INSTITUT ARTHUR VERNES,,Etablissements de Soins de Courte Durée
31T R DE LIÈGE,48.8793965,2.3255331,"48.8793965,2.3255331",Centre Postcure Malades Mentaux,,75008 PARIS,430,142949135,143871559,Etablissement de santé privé d’intérêt collectif,FOYER RELAIS,UNITE D'ACCUEIL ET DE PSYCHOTHERAPIE FAMILIALE,Autres Etablissements de Lutte contre les Maladies Mentales
29 R SARRETTE,48.8263439,2.3294242,"48.8263439,2.3294242",Etablissement de Soins Chirurgicaux,,75014 PARIS,128,156535859,156535858,Non concerné,CLINIQUE SAINTE GENEVIEVE,,Etablissements de Soins de Courte Durée
76 AV EDISON,48.8302065,2.3582458,"48.8302065,2.3582458",Centre Médico-Psychologique (C.M.P.),,75013 PARIS,156,140774355,140774340,Etablissement de santé privé d’intérêt collectif,CMP ENFANTS ALFRED BINET,CENTRE MÉDICO-PSYCHOLOGIQUE ALFRED BINET,Autres Etablissements de Lutte contre les Maladies Mentales
35 R DES CEVENNES,48.8434072,2.2788163,"48.8434072,2.2788163",Maison de Santé pour Maladies Mentales,,75015 PARIS,161,145501255,145581720,"Etab de santé privé non lucratif, non déclar intérêt collect",HÔPITAL DE JOUR AURORE,CENTRE MEDICO SOCIAL CEVENNES AURORE,Autres Etablissements de Lutte contre les Maladies Mentales
164 R DE GRENELLE,48.8580522,2.3089662,"48.8580522,2.3089662",Centre Médico-Psychologique (C.M.P.),,75007 PARIS,156,,145518541,Etablissement public de santé,CMP ENFANTS GRENELLE,CENTRE MEDICO-PSYCHOLOGIQUE PERRAY VAUCLUSE 75 I 09,Autres Etablissements de Lutte contre les Maladies Mentales
68 R DES GRANDS MOULINS,48.8273832,2.3754926,"48.8273832,2.3754926",Maison de Santé pour Maladies Mentales,,75013 PARIS,161,145851344,145852517,Etablissement de santé privé d’intérêt collectif,CLINIQUE MEDICO-UNIVERSITAIRE G.HEUYER,CLINIQUE MEDICO-UNIVERSITAIRE GEORGES HEUYER,Autres Etablissements de Lutte contre les Maladies Mentales
11 AV DU COLONEL BONNET,48.8554944,2.2782396,"48.8554944,2.2782396",Centre Hospitalier Spécialisé lutte Maladies Mentales,,75016 PARIS,292,142307743,142307818,Etablissement public de santé,CENTRE ADULTE BONNET,,Centres Hospitaliers Spécialisés Lutte Maladies Mentales
136B R BLOMET,48.8394852,2.2961015,"48.8394852,2.2961015",Etablissement de Soins Chirurgicaux,,75015 PARIS,128,140453760,140453737,Non concerné,CLINIQUE BLOMET,CLINIQUE BLOMET,Etablissements de Soins de Courte Durée
19 R VERCINGETORIX,48.8373764,2.3200169,"48.8373764,2.3200169",Etablissement de Soins Pluridisciplinaire,,75014 PARIS,365,143219813,140486868,Etablissement de santé privé d’intérêt collectif,HOPITAL LEOPOLD BELLAN,HOPITAL LEOPOLD BELLAN,Etablissements de Soins de Courte Durée
89 R HAXO,48.8747633,2.4030507,"48.8747633,2.4030507",Etablissement de Soins Pluridisciplinaire,,75020 PARIS,365,144644302,144644300,Etablissement de santé privé d’intérêt collectif,HOP JOUR CROIX ST SIMON,HOPITAL DE JOUR ET A DOMICILE CROIX SAINT-SIMON,Etablissements de Soins de Courte Durée
20 R BELLIER-DEDOUVRE,48.824971,2.3506495,"48.824971,2.3506495",Centre Médico-Psychologique (C.M.P.),,75013 PARIS,156,,140794970,"Etab de santé privé non lucratif, non déclar intérêt collect",CMP CENTRE PSYCHOSOMATIQUE:IPSO,,Autres Etablissements de Lutte contre les Maladies Mentales
7 R DU BUISSON SAINT-LOUIS,48.8720625,2.3728644,"48.8720625,2.3728644",Centre d'Accueil Thérapeutique à temps partiel (C.A.T.T.P.),,75010 PARIS,425,142000293,142064378,Etablissement public de santé,CATTP ADULTES DENISE GREY,CENTRE D'ACCUEIL THERAPEUTIQUE A TEMPS PARTIEL DENISE GREY,Autres Etablissements de Lutte contre les Maladies Mentales
63 R DE LA ROQUETTE,48.8558373,2.3752069,"48.8558373,2.3752069",Centre Médico-Psychologique (C.M.P.),,75011 PARIS,156,147008905,147005063,Etablissement public de santé,CENTRE LA ROQUETTE,CENTRE MEDICO-PSYCHOLOGIQUE ESQUIROL 75G09 - 75I05,Autres Etablissements de Lutte contre les Maladies Mentales
62 R DE LA TOUR,48.8602135,2.2809349,"48.8602135,2.2809349",Etablissement de Soins Chirurgicaux,,75116 PARIS,128,140724068,140724040,Non concerné,CLINIQUE CHIRURGICALE DU TROCADERO,CLINIQUE CHIRURGICALE DU TROCADERO,Etablissements de Soins de Courte Durée
11 R ALBERT BAYET,48.8305604,2.358838,"48.8305604,2.358838",Centre Médico-Psychologique (C.M.P.),,75013 PARIS,156,,140774400,Etablissement de santé privé d’intérêt collectif,CMP ADULTES PHILIPPE PAUMELLE ASM 13,CMP ADULTES PHILIPPE PAUMELLE -EAU VIVE 75G12,Autres Etablissements de Lutte contre les Maladies Mentales
55 R DU SIMPLON,48.8948404,2.3463234,"48.8948404,2.3463234",Centre Hospitalier Spécialisé lutte Maladies Mentales,,75018 PARIS,292,153092799,153092790,Etablissement public de santé,C.I.A.P.A,CENTRE INTERHOSPITALIER ACCUEIL PERMANENT POUR ADOLESCENTS,Centres Hospitaliers Spécialisés Lutte Maladies Mentales
13 R DU SAHEL,48.8411357,2.4027729,"48.8411357,2.4027729",Maison de Santé pour Maladies Mentales,,75012 PARIS,161,143425042,143458674,"Etab de santé privé non lucratif, non déclar intérêt collect",HOPITAL DE JOUR ENTRAIDE UNIVERSITAIRE,HOPITAL DE JOUR POUR ENFANTS ENTRAIDE UNIVERSITAIRE,Autres Etablissements de Lutte contre les Maladies Mentales
6 R PICOT,48.8709172,2.2821631,"48.8709172,2.2821631",Centre Médico-Psychologique (C.M.P.),,75116 PARIS,156,156261210,156261212,Etablissement public de santé,CENTRE PICOT,,Autres Etablissements de Lutte contre les Maladies Mentales
22 R DU PERE CORENTIN,48.8262492,2.3307716,"48.8262492,2.3307716",Centre Médico-Psychologique (C.M.P.),,75014 PARIS,156,143204899,143271734,Etablissement public de santé,CENTRE ENFANTS CORENTIN,CENTRE MEDICO-PSYCHOLOGIQUE CHS SAINTE ANNE INTERSECTEUR 06,Autres Etablissements de Lutte contre les Maladies Mentales
12 R CHOMEL,48.8519394,2.3249202,"48.8519394,2.3249202",Centre Médico-Psychologique (C.M.P.),,75007 PARIS,156,142223358,142227070,Etablissement public de santé,CMP ENFANTS CHOMEL,CENTRE MÉDICO-PSYCHOLOGIQUE PERRAY-VAUCLUSE 75 I 09,Autres Etablissements de Lutte contre les Maladies Mentales
15 AV DU GENERAL LECLERC,48.832189,2.3307216,"48.832189,2.3307216",Etablissement de Soins Longue Durée,,75014 PARIS,362,,144083000,Etablissement public de santé,MAISON MEDICALE ROCHEFOUCAULT (AP-HP),MAISON DE CURE MEDICALE LA ROCHEFOUCAULT (AP-HP),Etablissements de Soins de Longue Durée
20B R RUE DE DOUAI,48.8819149,2.334349,"48.8819149,2.334349",Centre Hospitalier Spécialisé lutte Maladies Mentales,,75009 PARIS,292,148789280,148780521,Etablissement public de santé,CENTRE RUE DE DOUAI,,Centres Hospitaliers Spécialisés Lutte Maladies Mentales
7 R DES GOBELINS,48.8357354,2.3516383,"48.8357354,2.3516383",Centre Postcure Malades Mentaux,,75013 PARIS,430,143363249,143369945,Etablissement public de santé,FOYER DE POST-CURE DES GOBELINS,FOYER DE POST-CURE DES GOBELINS CHS SAINTE ANNE SECTEUR 13,Autres Etablissements de Lutte contre les Maladies Mentales
12 R HOSPITALIÈRES ST-GERVAIS,48.8580864,2.3590526,"48.8580864,2.3590526",Atelier Thérapeutique,,75004 PARIS,366,148873996,148870422,Etablissement public de santé,ATELIER THERAPEUTIQUE HUBERT MIGNOT,ATELIER THERAPEUTIQUE HUBERT MIGNOT - CHS MAISON BLANCHE,Autres Etablissements de Lutte contre les Maladies Mentales
30 R DE MOGADOR,48.8756527,2.331333,"48.8756527,2.331333",Maison de Santé pour Maladies Mentales,,75009 PARIS,161,142819014,142851370,Etablissement de santé privé d’intérêt collectif,CENTRE MOGADOR,HOPITAL DE JOUR CENTRE MOGADOR,Autres Etablissements de Lutte contre les Maladies Mentales
36 R DE TURBIGO,48.864668,2.3530148,"48.864668,2.3530148",Centre Médico-Psychologique (C.M.P.),,75003 PARIS,156,140270379,142723910,Etablissement public de santé,CMP ADULTES TURBIGO,CENTRE MEDICO-PSYCHOLOGIQUE - MAISON BLANCHE SECTEUR 2 ET 24,Autres Etablissements de Lutte contre les Maladies Mentales
35 BD SAINT-MARCEL,48.83871,2.3578001,"48.83871,2.3578001",Etablissement Réadaptation Fonctionnelle,,75013 PARIS,135,143360967,144080844,Etablissement de santé privé d’intérêt collectif,HOPITAL DES GARDIENS DE LA PAIX,,Etablissements de Soins de Suite et de Réadaptation
16 R EUGENIE EBOUE,48.8457171,2.3866238,"48.8457171,2.3866238",Centre Hospitalier Spécialisé lutte Maladies Mentales,,75012 PARIS,292,144755181,143465036,Etablissement public de santé,CENTRE ADULTE EUGENIE EBOUE,,Centres Hospitaliers Spécialisés Lutte Maladies Mentales
5 R SANTERRE,48.8434977,2.4013272,"48.8434977,2.4013272",Centre Hospitalier Régional (C.H.R.),,75006 PARIS,101,,143259323,Etablissement public de santé,CLINIQUE DENTAIRE GARANCIERE (AP-HP),CLINIQUE DENTAIRE GARANCIERE A.P.-H.P.,Centres Hospitaliers Régionaux
26 AV DU DR ARNOLD NETTER,48.8408083,2.3881833,"48.8408083,2.3881833",Centre Hospitalier Régional (C.H.R.),,75571 PARIS CEDEX 12,101,144736238,144737475,Etablissement public de santé,GPE HOSP ARMAND TROUSSEAU-ROCHE GUYON,GPE HOSP ARMAND TROUSSEAU-ROCHE GUYON-GPT HOSP UNIVERSIT.EST,Centres Hospitaliers Régionaux
26 BD BRUNE,48.8270097,2.3077751,"48.8270097,2.3077751",Centre Hospitalier Spécialisé lutte Maladies Mentales,,75014 PARIS,292,,,Etablissement public de santé,HOPITAL DE JOUR - BRUNE,HOPITAL DE JOUR PSYCHIATRIE INFANTO-JUVENILE SITE BRUNE,Centres Hospitaliers Spécialisés Lutte Maladies Mentales
149 R DE SEVRES,48.8463516,2.3154638,"48.8463516,2.3154638",Centre Hospitalier Régional (C.H.R.),,75743 PARIS CEDEX 15,101,144494115,144494000,Etablissement public de santé,HOPITAL NECKER ENFANTS MALADES (AP-HP),GROUPE HOSP. NECKER-ENFANTS MALADES-LAENNEC-VAUGIRARD AP-HP,Centres Hospitaliers Régionaux
10 R DU GENERAL LASSALLE,48.88235,2.3818222,"48.88235,2.3818222",Centre Hospitalier Spécialisé lutte Maladies Mentales,,75019 PARIS,292,,,Etablissement public de santé,UNITE HOSP LASALLE MAISON BLANCHE,UNITE HOSPITALISATION LASALLE MAISON BLANCHE,Centres Hospitaliers Spécialisés Lutte Maladies Mentales
10 R WURTZ,48.8273142,2.3450518,"48.8273142,2.3450518",Maison de Santé pour Maladies Mentales,,75013 PARIS,161,153622479,153622500,Etablissement de santé privé d’intérêt collectif,POLYCLINIQUE PSYCHIATRIQUE WÜRTZ,,Autres Etablissements de Lutte contre les Maladies Mentales
21 R DE REMUSAT,48.8479117,2.2714179,"48.8479117,2.2714179",Etablissement de Soins Chirurgicaux,,75016 PARIS,128,140508829,144141111,Non concerné,CLINIQUE REMUSAT,,Etablissements de Soins de Courte Durée
115 R DE LA SANTE,48.8288102,2.3415387,"48.8288102,2.3415387",Maison de Santé pour Maladies Mentales,,75013 PARIS,161,140788085,140788080,Non concerné,CLINIQUE VILLA MONTSOURIS,,Autres Etablissements de Lutte contre les Maladies Mentales
7 R DU FER A MOULIN,48.8392397,2.3554403,"48.8392397,2.3554403",Centre Hospitalier Régional (C.H.R.),,75005 PARIS,101,146691519,146691313,Etablissement public de santé,AGEPS (AP-HP),AGENCE CENTRALE DES EQUIPEMENTS ET DES PRODUITS DE SANTE,Centres Hospitaliers Régionaux
20 R BELLIER-DEDOUVRE,48.824971,2.3506495,"48.824971,2.3506495",Maison de Santé pour Maladies Mentales,,75013 PARIS,161,140794991,140794990,Etablissement de santé privé d’intérêt collectif,CTRE FAM ACTION THERAP 75I05,,Autres Etablissements de Lutte contre les Maladies Mentales
14 R DE THIONVILLE,48.8885843,2.3822703,"48.8885843,2.3822703",Centre d'Accueil Thérapeutique à temps partiel (C.A.T.T.P.),,75019 PARIS,425,,142000453,Etablissement public de santé,CATTP LA COMETE,CATTP LA COMETE,Autres Etablissements de Lutte contre les Maladies Mentales
3 R OMER TALON,48.8613915,2.3834354,"48.8613915,2.3834354",Centre Hospitalier Spécialisé lutte Maladies Mentales,,75011 PARIS,292,147008905,143381615,Etablissement public de santé,CENTRE OMER TALON,,Centres Hospitaliers Spécialisés Lutte Maladies Mentales
27 R DU FAUBOURG SAINT JACQUES,48.8387561,2.339631,"48.8387561,2.339631",Centre d'Accueil Thérapeutique à temps partiel (C.A.T.T.P.),,75014 PARIS,425,,158412424,,CATTP LA MAISON DES ADOLESCENTS,,Autres Etablissements de Lutte contre les Maladies Mentales
74 R PETIT,48.8857267,2.3879473,"48.8857267,2.3879473",Etablissement de Convalescence et de Repos,,75019 PARIS,108,155560102,155560102,Non concerné,KORIAN CANAL DE L'OURCQ,,Etablissements de Soins de Suite et de Réadaptation
9 R DU TELEGRAPHE,48.8717488,2.3998439,"48.8717488,2.3998439",Centre Médico-Psychologique (C.M.P.),,75020 PARIS,156,140304061,140305519,Etablissement public de santé,CMP ADULTES TELEGRAPHE,CENTRE MEDICO-PSYCHOLOGIQUE - EPS MAISON BLANCHE SECTEUR 28,Autres Etablissements de Lutte contre les Maladies Mentales
31B R DE LIEGE,48.8794624,2.3260074,"48.8794624,2.3260074",Maison de Santé pour Maladies Mentales,,75008 PARIS,161,,143876051,Etablissement de santé privé d’intérêt collectif,UNITE ACCUEIL ET PSYCHOTHERAPIE FAMIL,UNITE D'ACCUEIL ET DE PSYCHOTHERAPIE FAMILIALE,Autres Etablissements de Lutte contre les Maladies Mentales
47 BD DE L'HOPITAL,48.8386062,2.3608109,"48.8386062,2.3608109",Centre Hospitalier Régional (C.H.R.),,75013 PARIS,101,142176006,142160000,Etablissement public de santé,HOPITAL LA PITIE SALPETRIERE,GROUPE HOSPITALIER LA PITIE-SALPETRIERE CHARLES FOIX,Centres Hospitaliers Régionaux
6 R DE L'ASILE POPINCOURT,48.8596911,2.3741563,"48.8596911,2.3741563",Centre Médico-Psychologique (C.M.P.),,75011 PARIS,156,142783244,142781987,Etablissement de santé privé d’intérêt collectif,CENTRE POPINCOURT,CENTRE MÉDICO PSYCHOLOGIQUE ADULTES RECHERCHE ET RENCONTRES,Autres Etablissements de Lutte contre les Maladies Mentales
11 R TISSERAND,48.8406532,2.2842274,"48.8406532,2.2842274",Centre Médico-Psychologique (C.M.P.),,75015 PARIS,156,145584241,144250501,Etablissement public de santé,CENTRE TISSERAND,,Autres Etablissements de Lutte contre les Maladies Mentales
45 R LA TOUR D'AUVERGNE,48.8797379,2.3409384,"48.8797379,2.3409384",Centre Hospitalier Régional (C.H.R.),,75009 PARIS,101,,142347925,Etablissement public de santé,CLINIQUE DENTAIRE J.DELIBERO (AP-HP),CLINIQUE DENTAIRE JEAN DELIBERO,Centres Hospitaliers Régionaux
25 R SERVAN,48.8603525,2.3833278,"48.8603525,2.3833278",Centre Hospitalier Spécialisé lutte Maladies Mentales,,75011 PARIS,292,143797418,143798144,Etablissement public de santé,CENTRE LOUIS LE GUILLANT,,Centres Hospitaliers Spécialisés Lutte Maladies Mentales
44 QUA DE LA LOIRE,48.8853883,2.3751111,"48.8853883,2.3751111",Maison de Santé pour Maladies Mentales,,75019 PARIS,161,142028747,142021919,"Etab de santé privé non lucratif, non déclar intérêt collect",HOPITAL DE JOUR GEORGES VACOLA,HOPITAL DE JOUR GEORGES VACOLA - ANPEDA,Autres Etablissements de Lutte contre les Maladies Mentales
20 R LEBLANC,48.839737,2.2728302,"48.839737,2.2728302",Centre Hospitalier Régional (C.H.R.),,75908 PARIS CEDEX 15,101,156092118,156092000,Etablissement public de santé,HOP EUROPEEN GEORGES POMPIDOU HEGP,GPE HOSP BROUSSAIS-HEGP-GH UNIVERSITAIRE PARIS OUEST,Centres Hospitaliers Régionaux
152 AV DE WAGRAM,48.8865064,2.304545,"48.8865064,2.304545",Maison de Santé pour Maladies Mentales,,75017 PARIS,161,140539685,143187300,Etablissement de santé privé d’intérêt collectif,HOPITAL DE JOUR MGEN-WAGRAM,HOPITAL DE JOUR DE LA MUTUELLE GENERALE EDUCATION NATIONALE,Autres Etablissements de Lutte contre les Maladies Mentales
14 R DES TOURELLES,48.874762,2.4047613,"48.874762,2.4047613",Centre d'Accueil Thérapeutique à temps partiel (C.A.T.T.P.),,75020 PARIS,425,143614734,140300298,Etablissement public de santé,CATTP ADULTES GAMBETTA,CENTRE D'ACCUEIL THÉRAPEUTIQUE À TEMPS PARTIEL,Autres Etablissements de Lutte contre les Maladies Mentales
19 R OUDINOT,48.8500847,2.317552,"48.8500847,2.317552",Etablissement de Soins Chirurgicaux,,75007 PARIS,128,140611126,140611100,"Etab de santé privé non lucratif, non déclar intérêt collect",CLINIQUE OUDINOT-FOND ST JEAN DE DIEU,CLINIQUE OUDINOT - FONDATION SAINT JEAN DE DIEU,Etablissements de Soins de Courte Durée
12 VLA COMPOINT,48.8918435,2.3242908,"48.8918435,2.3242908",Centre Médico-Psychologique (C.M.P.),,75017 PARIS,156,142634400,153063043,"Etab de santé privé non lucratif, non déclar intérêt collect",CMP ADULTES DE L'UNAFAM,CENTRE MEDICO PSYCHOLOGIQUE DE L'UNAFAM (75/G/26),Autres Etablissements de Lutte contre les Maladies Mentales
46 R NICOLO,48.8603562,2.2777603,"48.8603562,2.2777603",Etablissement de Soins Pluridisciplinaire,,75116 PARIS,365,140726550,140723333,Non concerné,CLINIQUE DE LA MUETTE,,Etablissements de Soins de Courte Durée
23 R TIPHAINE,48.8488179,2.2964935,"48.8488179,2.2964935",Centre Médico-Psychologique (C.M.P.),,75015 PARIS,156,,145754702,Etablissement public de santé,CMP ENFANTS TIPHAINE (NECKER),CENTRE MEDICO PSYCHOLOGIQUE TIPHAINE - NECKER 75/I/07,Autres Etablissements de Lutte contre les Maladies Mentales
8 R LANNEAU,48.8483432,2.3466214,"48.8483432,2.3466214",Maison de Santé pour Maladies Mentales,,75005 PARIS,161,144411939,144411930,"Etab de santé privé non lucratif, non déclar intérêt collect",CENTRE RENE CAPITANT,,Autres Etablissements de Lutte contre les Maladies Mentales
56 R DU FBG POISSONNIÈRE,48.8749754,2.3481136,"48.8749754,2.3481136",Maison de Santé pour Maladies Mentales,,75010 PARIS,161,145230492,142460860,"Etab de santé privé non lucratif, non déclar intérêt collect",HOPITAL DE JOUR BOULLOCHE CEREP,HJ DU CENTRE DE READAPTATION PSYCHOTHERAPIQUE,Autres Etablissements de Lutte contre les Maladies Mentales
63 R DE LA ROQUETTE,48.8558373,2.3752069,"48.8558373,2.3752069",Centre Crise Accueil Permanent,,75011 PARIS,444,,,Etablissement public de santé,CENTRE DE CRISE ROQUETTE,,Autres Etablissements de Lutte contre les Maladies Mentales
29 R VIALA,48.8500712,2.289451,"48.8500712,2.289451",Centre Hospitalier Spécialisé lutte Maladies Mentales,,75015 PARIS,292,145771047,145771051,Etablissement public de santé,HOPITAL DE JOUR VIALA,HOPITAL DE JOUR VIALA DU CHS SAINTE ANNE SECTEUR 15,Centres Hospitaliers Spécialisés Lutte Maladies Mentales
6 SQ JOUVENET,48.8422877,2.2661735,"48.8422877,2.2661735",Etablissement de Soins Chirurgicaux,,75016 PARIS,128,142154015,142154215,Non concerné,CLINIQUE JOUVENET,CLINIQUE JOUVENET,Etablissements de Soins de Courte Durée
18 R GOUBET,48.8858515,2.3901062,"48.8858515,2.3901062",Centre Médico-Psychologique (C.M.P.),,75019 PARIS,156,142457640,142003026,Etablissement public de santé,CMP GOUBET INFANTO-JUVENIL,CENTRE MEDICO-PSYCHOLOGIQUE GOUBET MAISON BLANCHE SECTEUR 11,Autres Etablissements de Lutte contre les Maladies Mentales
10 R DE LA SOLIDARITE,48.8837441,2.3914379,"48.8837441,2.3914379",Centre d'Accueil Thérapeutique à temps partiel (C.A.T.T.P.),,75019 PARIS,425,,148032865,Etablissement public de santé,"GROUPES THERAP. ""CLUB SOLO""",CENTRE D'ACCUEIL THÉRAPEUTIQUE À TEMPS PARTIEL,Autres Etablissements de Lutte contre les Maladies Mentales
1 R CABANIS,48.8302646,2.3412612,"48.8302646,2.3412612",Centre Hospitalier Spécialisé lutte Maladies Mentales,,75674 PARIS CEDEX 14,292,145658362,145658000,Etablissement public de santé,CENTRE HOSPITALIER STE-ANNE,CENTRE HOSPITALIER SAINTE-ANNE DE PARIS,Centres Hospitaliers Spécialisés Lutte Maladies Mentales
4 BD AUGUSTE BLANQUI,48.8311205,2.35407,"48.8311205,2.35407",Maison de Santé pour Maladies Mentales,,75013 PARIS,161,155431539,155431530,"Etab de santé privé non lucratif, non déclar intérêt collect","HÔPITAL DE JOUR ""CENTRE SERGE LEBOVICI",HOPITAL DE JOUR CENTRE LEBOVOCI FONDATION ROTHSCHILD,Autres Etablissements de Lutte contre les Maladies Mentales
197 R OBERKAMPF,48.8670173,2.3828579,"48.8670173,2.3828579",Centre Médico-Psychologique (C.M.P.),,75011 PARIS,156,147008905,143380808,Etablissement public de santé,CMP ENFANTS OBERKAMPF,CENTRE MEDICO PSYCHOLOGIQUE OBERKAMPF - ESQUIROL 75I05,Autres Etablissements de Lutte contre les Maladies Mentales
21 R DE CHAZELLES,48.8799408,2.3042696,"48.8799408,2.3042696",Etablissement de Soins Pluridisciplinaire,,75017 PARIS,365,148882588,148882525,Non concerné,CLINIQUE INTERNATIONALE PARC MONCEAU,CLINIQUE INTERNATIONALE DU PARC MONCEAU,Etablissements de Soins de Courte Durée
6 R DU CONVENTIONNEL CHIAPPE,48.8188166,2.3631339,"48.8188166,2.3631339",Maison de Santé pour Maladies Mentales,,75013 PARIS,161,,,Etablissement de santé privé d’intérêt collectif,HOPITAL DE JOUR CENTRE CLEMENT MICHEL,HOPITAL DE JOUR CENTRE CLEMENT MICHEL,Autres Etablissements de Lutte contre les Maladies Mentales
155 BD VINCENT AURIOL,48.8324153,2.3614805,"48.8324153,2.3614805",Maison de Santé pour Maladies Mentales,,75013 PARIS,161,,145843901,Etablissement de santé privé d’intérêt collectif,HOPITAL DE JOUR GERONTOPSYCHIATRIQUE,HOPITAL DE JOUR GERONTOPSYCHIATRIQUE,Autres Etablissements de Lutte contre les Maladies Mentales
137 R DE LA CONVENTION,48.8398738,2.2906453,"48.8398738,2.2906453",Maison de Santé pour Maladies Mentales,,75015 PARIS,161,145336748,148281785,"Etab de santé privé non lucratif, non déclar intérêt collect",CENTRE PSYCHOTHÉRAPIQUE DUTOT AURORE,,Autres Etablissements de Lutte contre les Maladies Mentales
23 R GEORGES BIZET,48.8676646,2.2968021,"48.8676646,2.2968021",Etablissement de Soins Pluridisciplinaire,,75016 PARIS,365,147236954,140693434,Non concerné,CLINIQUE BIZET,,Etablissements de Soins de Courte Durée
14 R MATHURIN REGNIER,48.8404815,2.30717,"48.8404815,2.30717",Centre Médico-Psychologique (C.M.P.),,75015 PARIS,156,144385279,144385270,Etablissement public de santé,CENTRE MATHURIN REGNIER,CENTRE MEDICO-PSYCHOLOGIQUE - CHS SAINTE ANNE SECTEUR 14,Autres Etablissements de Lutte contre les Maladies Mentales
164 R DE GRENELLE,48.8580522,2.3089662,"48.8580522,2.3089662",Centre Hospitalier Spécialisé lutte Maladies Mentales,,75007 PARIS,292,140629007,145518687,Etablissement public de santé,HOPITAL DE JOUR GRENELLE,HOPITAL DE JOUR GRENELLE ENFANTS PERRAY VAUCLUSE 75 I 09,Centres Hospitaliers Spécialisés Lutte Maladies Mentales
37 R SAINT LAMBERT,48.8367925,2.2929899,"48.8367925,2.2929899",Etablissement Soins Obstétriques Chirurgico-Gynécologiques,,75015 PARIS,122,153685859,153685858,"Etab de santé privé non lucratif, non déclar intérêt collect",MATERNITE SAINTE FELICITE,MATERNITE SAINTE FELICITE,Etablissements de Soins de Courte Durée
185 R RAYMOND LOSSERAND,48.836198,2.3220607,"48.836198,2.3220607",Etablissement de Soins Pluridisciplinaire,,75674 PARIS CEDEX 14,365,144123332,144123333,Etablissement de santé privé d’intérêt collectif,GPE HOSP SAINT-JOSEPH,GROUPE HOSPITALIER SAINT-JOSEPH,Etablissements de Soins de Courte Durée
89 R D'ASSAS,48.8418464,2.3354499,"48.8418464,2.3354499",Centre Hospitalier Régional (C.H.R.),,75006 PARIS,101,,158411811,Etablissement public de santé,HOPITAL COCHIN-TARNIER (AP-HP),,Centres Hospitaliers Régionaux
6 R DU CONVENTIONNEL CHIAPPE,48.8188166,2.3631339,"48.8188166,2.3631339",Maison de Santé pour Maladies Mentales,,75013 PARIS,161,144067229,144067230,"Etab de santé privé non lucratif, non déclar intérêt collect",HÔPITAL DE JOUR RENE DIATKINE,UNITE RENE DIATKINE DE LA FONDATION MARTINE LYON,Autres Etablissements de Lutte contre les Maladies Mentales
28 R DE CHARENTON,48.8512676,2.372193,"48.8512676,2.372193",Centre Hospitalier (C.H.),,75571 PARIS CEDEX 12,355,146286066,140021520,Etablissement public de santé,CHNO DES QUINZE-VINGT PARIS,CENTRE NATIONAL D'OPHTALMOLOGIE DES QUINZE-VINGT DE PARIS,Centres Hospitaliers
39 AV REPUBLIQUE,48.8653523,2.3743709,"48.8653523,2.3743709",Centre Hospitalier Spécialisé lutte Maladies Mentales,,75011 PARIS,292,143571033,143575264,,CHS ADULTE REPUBLIQUE,,Centres Hospitaliers Spécialisés Lutte Maladies Mentales
114 AV DE FLANDRE,48.8919202,2.3786238,"48.8919202,2.3786238",Centre Médico-Psychologique (C.M.P.),,75019 PARIS,156,146076160,140371350,Etablissement public de santé,CMP ENFANTS RIQUET,CENTRE MEDICO-PSYCHOLOGIQUE - EPS MAISON BLANCHE SECTEUR 11,Autres Etablissements de Lutte contre les Maladies Mentales
42 BD JOURDAN,48.8218125,2.3325274,"48.8218125,2.3325274",Etablissement de Soins Pluridisciplinaire,,75674 PARIS CEDEX 14,365,145806041,156616263,Etablissement de santé privé d’intérêt collectif,INSTITUT MUTUALISTE MONTSOURIS,INSTITUT MUTUALISTE MONTSOURIS,Etablissements de Soins de Courte Durée
4 AV DE LA PORTE DE SAINT OUEN,48.8978746,2.329088,"48.8978746,2.329088",Centre Hospitalier Spécialisé lutte Maladies Mentales,,75018 PARIS,292,,155253550,Etablissement public de santé,UNITE HOSP BICHAT MAISON BLANCHE,UNITE HOSPITALISATION BICHAT MAISON BLANCHE,Centres Hospitaliers Spécialisés Lutte Maladies Mentales
197 R MARCADET,48.8917555,2.3340947,"48.8917555,2.3340947",Etablissement de Soins Chirurgicaux,,75018 PARIS,128,144924096,144924000,Non concerné,CLINIQUE PARIS MONTMARTRE,,Etablissements de Soins de Courte Durée
17 R GARANCIERE,48.8495308,2.3359801,"48.8495308,2.3359801",Centre Crise Accueil Permanent,,75006 PARIS,444,144070356,143290530,Etablissement public de santé,C.A.C. ADULTE GARANCIÈRE,CENTRE D'ACCUEIL ET DE CRISE ADULTES CHS STE ANNE SECTEUR3,Autres Etablissements de Lutte contre les Maladies Mentales
17 R DES PRETRES SAINT GERMAIN,48.8592238,2.3411803,"48.8592238,2.3411803",Etablissement de Soins Chirurgicaux,L'AUXERROIS,75001 PARIS,128,153406063,153406000,Non concerné,CLINIQUE MEDICO-CHIRURGICALE DU LOUVRE,SA CLINIQUE DU LOUVRE,Etablissements de Soins de Courte Durée
13 R ALBERT BAYET,48.8306506,2.358756,"48.8306506,2.358756",Maison de Santé pour Maladies Mentales,,75013 PARIS,161,145832877,140774300,Etablissement de santé privé d’intérêt collectif,HOPITAL DE JOUR POUR AD0LESCENT,HOPITAL DE JOUR POUR ADOLESCENT,Autres Etablissements de Lutte contre les Maladies Mentales
40 BD DU MONTPARNASSE,48.8448607,2.3203717,"48.8448607,2.3203717",Centre Hospitalier Spécialisé lutte Maladies Mentales,,75015 PARIS,292,,142221800,Etablissement public de santé,HOPITAL DE JOUR MONTPARNASSE,HOPITAL DE JOUR MONTPARNASSE DE SAINTE-ANNE SECTEUR 3,Centres Hospitaliers Spécialisés Lutte Maladies Mentales
213 R DE BELLEVILLE,48.8752699,2.395214,"48.8752699,2.395214",Centre Médico-Psychologique (C.M.P.),,75019 PARIS,156,142084208,142085792,Etablissement public de santé,CMP ADULTES BELLEVILLE,CENTRE MEDICO-PSYCHOLOGIQUE - EPS MAISON BLANCHE SECTEUR 26,Autres Etablissements de Lutte contre les Maladies Mentales
95 BD ARAGO,48.8344938,2.3347228,"48.8344938,2.3347228",Etablissement de Soins Chirurgicaux,,75014 PARIS,128,144080403,144080400,Non concerné,CLINIQUE ARAGO,CLINIQUE ARAGO CHIRURGIE OSTEO-ARTICULAIRE & VERTEBRALE ARTH,Etablissements de Soins de Courte Durée
13 R PASTEUR,48.8623164,2.3756075,"48.8623164,2.3756075",Centre Hospitalier Spécialisé lutte Maladies Mentales,,75011 PARIS,292,147003894,147003602,,CENTRE PASTEUR,,Centres Hospitaliers Spécialisés Lutte Maladies Mentales
55 R DE LA FOLIE-REGNAULT,48.8607763,2.3859547,"48.8607763,2.3859547",Maison de Santé pour Maladies Mentales,,75011 PARIS,161,140242298,144932200,Etablissement de santé privé d’intérêt collectif,INSTITUT PAUL SIVADON (FOLIE REGNAULT),ANNEXE DE L'INSTITUT PAUL SIVADON,Autres Etablissements de Lutte contre les Maladies Mentales
3 R DE LISBONNE,48.8777165,2.3175378,"48.8777165,2.3175378",Centre Médico-Psychologique (C.M.P.),,75008 PARIS,156,140080376,144907685,Etablissement public de santé,CMP ENFANTS ADULTES LISBONNE,CENTRE MEDICO-PSYCHOLOGIQUE PERRAY VAUCLUSE 75G05 & 75I09,Autres Etablissements de Lutte contre les Maladies Mentales
97 R DE CRIMÉE,48.8842436,2.3840322,"48.8842436,2.3840322",Centre Médico-Psychologique (C.M.P.),,75019 PARIS,156,142066684,142492150,Etablissement public de santé,CMP ADULTES CRIMÉE,CENTRE MEDICO-PSYCHOLOGIQUE - EPS MAISON BLANCHE SECTEUR 25,Autres Etablissements de Lutte contre les Maladies Mentales
9 R DE TURIN,48.8801161,2.3250706,"48.8801161,2.3250706",Etablissement de Soins Pluridisciplinaire,,75008 PARIS,365,140088989,140088996,Non concerné,MAISON DE CHIRURGIE CLINIQUE TURIN,,Etablissements de Soins de Courte Durée
129 R D'AVRON,48.8532632,2.4091872,"48.8532632,2.4091872",Centre Hospitalier Spécialisé lutte Maladies Mentales,,75020 PARIS,292,,146590524,Etablissement public de santé,UNITE D'HOSPIT AVRON M. BLANCHE,UNITE D'ACCUEIL DE L'HOSPITALISATION MAISON BLANCHE AVRON,Centres Hospitaliers Spécialisés Lutte Maladies Mentales
1719 R D'ARMAILLÉ,48.878101,2.2915469,"48.878101,2.2915469",Centre Hospitalier Spécialisé lutte Maladies Mentales,,75017 PARIS,292,156687038,145740004,Etablissement public de santé,CENTRE ARMAILLE,,Centres Hospitaliers Spécialisés Lutte Maladies Mentales
258 R MARCADET,48.8926259,2.3296582,"48.8926259,2.3296582",Centre Médico-Psychologique (C.M.P.),,75018 PARIS,156,146270015,146272032,Etablissement public de santé,CMP MARCADET,,Autres Etablissements de Lutte contre les Maladies Mentales
9 R GUSTAVE DORE,48.886526,2.3024255,"48.886526,2.3024255",Etablissement de Soins Pluridisciplinaire,,75017 PARIS,365,144010079,144010050,Non concerné,CLINIQUE STE-THERESE,CLINIQUE SAINTE-THERESE DE L'ENFANT JESUS,Etablissements de Soins de Courte Durée
8 R LANNEAU,48.8483432,2.3466214,"48.8483432,2.3466214",Centre Médico-Psychologique (C.M.P.),,75005 PARIS,156,,144411930,"Etab de santé privé non lucratif, non déclar intérêt collect",CMP ADULTES RENE CAPITANT,CENTRE MEDICO-PSYCHOLOGIQUE PERRAY VAUCLUSE 75/G/04,Autres Etablissements de Lutte contre les Maladies Mentales
20 R CHAMPIONNET,48.8951518,2.3515583,"48.8951518,2.3515583",Centre Médico-Psychologique (C.M.P.),,75018 PARIS,156,146273096,146279127,"Etab de santé privé non lucratif, non déclar intérêt collect",CMP ENFANTS SOCIETE PHILANTHROPIQUE,CENTRE MEDICO-PSYCHOLOGIQUE SOCIETE PHILANTHROPIQUE(75/I/12),Autres Etablissements de Lutte contre les Maladies Mentales
200 R FAUBOURG SAINT-DENIS,48.8817067,2.3584552,"48.8817067,2.3584552",Centre Hospitalier Régional (C.H.R.),,75010 PARIS,101,140054133,140054545,Etablissement public de santé,GPE HOSP LARIBOISIERE-FERNAND WIDAL,GPE HOSP LARIBOISIERE-FERNAND WIDAL-GPT HOSP UNIVERSIT. NORD,Centres Hospitaliers Régionaux
33 R DU FER A MOULIN,48.8386888,2.3523275,"48.8386888,2.3523275",Etablissement de Soins Longue Durée,,75005 PARIS,362,,142348495,Etablissement public de santé,UNITE GERONTIQUE LA COLLEGIALE (AP-HP),,Etablissements de Soins de Longue Durée
13 R DU BANQUIER,48.8358109,2.3568493,"48.8358109,2.3568493",Centre Postcure Malades Mentaux,,75013 PARIS,430,155433759,155433740,Etablissement de santé privé d’intérêt collectif,FOYER DE POST-CURE ILOT WATTEAU,FOYER DE POST-CURE ILOT WATTEAU,Autres Etablissements de Lutte contre les Maladies Mentales
114 AV DE FLANDRE,48.8919202,2.3786238,"48.8919202,2.3786238",Centre d'Accueil Thérapeutique à temps partiel (C.A.T.T.P.),,75019 PARIS,425,146076160,142451783,Etablissement public de santé,CATTP JARDIN D'ENFANTS THERAPEUTIQUE,CATTP JARDIN D'ENFANTS THERAPEUTIQUE,Autres Etablissements de Lutte contre les Maladies Mentales
31 R DE LIÈGE,48.8794624,2.3260074,"48.8794624,2.3260074",Maison de Santé pour Maladies Mentales,,75008 PARIS,161,142949135,143876051,Etablissement de santé privé d’intérêt collectif,CENTRE DE TRAITEMENT ET DE RÉADAPTATIO,,Autres Etablissements de Lutte contre les Maladies Mentales
23 R DE LA ROCHEFOUCAULD,48.8786677,2.3345199,"48.8786677,2.3345199",Maison de Santé pour Maladies Mentales,,75009 PARIS,161,142811117,149708888,Etablissement de santé privé d’intérêt collectif,INSTITUT PAUL SIVADON - ELAN RETROUVÉ,INSTITUT PAUL SIVADON,Autres Etablissements de Lutte contre les Maladies Mentales
67 R DE ROMAINVILLE,48.8770417,2.4045038,"48.8770417,2.4045038",Etablissement de Soins Chirurgicaux,,75019 PARIS,128,140031200,140031212,Non concerné,CLINIQUE MAUSSINS-NALLET,,Etablissements de Soins de Courte Durée
48 R DE LA CONVENTION,48.8438776,2.2815949,"48.8438776,2.2815949",Etablissement Réadaptation Fonctionnelle,,75015 PARIS,135,145753662,145782561,Etablissement de santé privé d’intérêt collectif,CRF LA CHATAIGNERAIE,CENTRE DE REEDUCATION ET DE READAPTATION FONCT.LA CHATAIGNER,Etablissements de Soins de Suite et de Réadaptation
187 R SAINT-JACQUES,48.8451473,2.3425193,"48.8451473,2.3425193",Centre Médico-Psychologique (C.M.P.),,75005 PARIS,156,143256633,143293140,"Etab de santé privé non lucratif, non déclar intérêt collect",CMP - CCTP ADULTES JEAN FAVREAU,CMP - CENTRE CONSULTATIONS ET TRAITEMENTS PSYCHANALYTIQUES,Autres Etablissements de Lutte contre les Maladies Mentales
5 IMP DU LABRADOR,48.8292431,2.3030533,"48.8292431,2.3030533",Maison de Santé pour Maladies Mentales,,75015 PARIS,161,145318270,145315587,"Etab de santé privé non lucratif, non déclar intérêt collect",CENTRE LABRADOR,CENTRE LABRADOR (HOPITAL DE JOUR ET FOYER DE POST-CURE,Autres Etablissements de Lutte contre les Maladies Mentales
100 R DE LA SANTE,48.8273455,2.341519,"48.8273455,2.341519",Centre Hospitalier Spécialisé lutte Maladies Mentales,,75158 PARIS CEDEX 14,292,,145658572,Etablissement public de santé,CMME,,Centres Hospitaliers Spécialisés Lutte Maladies Mentales
25 R MANIN,48.8779116,2.3780879,"48.8779116,2.3780879",Etablissement de Soins Pluridisciplinaire,,75940 PARIS CEDEX 19,365,148036923,148036565,Etablissement de santé privé d’intérêt collectif,FONDATION OPHTALMOLOGIQUE ROTHSCHILD,CLINIQUE FONDATION OPTHTALMOLOGIQUE ADOLPHE DE ROTHSCHILD,Etablissements de Soins de Courte Durée
3 R DE RIDDER,48.8311258,2.3118698,"48.8311258,2.3118698",Centre Médico-Psychologique (C.M.P.),,75014 PARIS,156,145454024,145450730,Etablissement public de santé,CENTRE RIDDER,HOPITAL DE JOUR DE RIDDER SAINTE-ANNE SECTEUR 13,Autres Etablissements de Lutte contre les Maladies Mentales
23 R JOSEPH DE MAISTRE,48.8908011,2.3310632,"48.8908011,2.3310632",Centre Hospitalier Régional (C.H.R.),,75885 PARIS CEDEX 18,101,153111809,153111800,Etablissement public de santé,HOPITAL BRETONNEAU ( AP-HP ),HOPITAL GERIATRIQUE BRETONNEAU ( AP- HP ),Centres Hospitaliers Régionaux
18 R DE LA TOUR D'AUVERGNE,48.8790801,2.3441854,"48.8790801,2.3441854",Centre Hospitalier Spécialisé lutte Maladies Mentales,,75009 PARIS,292,142814640,142812722,Etablissement public de santé,CENTRE LA TOUR D'AUVERGNE,,Centres Hospitaliers Spécialisés Lutte Maladies Mentales
25 R CHARLES FOURRIER,48.8250138,2.3513743,"48.8250138,2.3513743",Atelier Thérapeutique,,75013 PARIS,366,153808814,153808881,Etablissement de santé privé d’intérêt collectif,ATELIER THERAPEUTIQUE LE FLEURON,ATELIER THERAPEUTIQUE LE FLEURON,Autres Etablissements de Lutte contre les Maladies Mentales
6 R TROLLEY DE PREVAUX,48.8262592,2.3731388,"48.8262592,2.3731388",Centre Postcure Malades Mentaux,,75013 PARIS,430,153942120,153942121,Etablissement de santé privé d’intérêt collectif,FOYER DE POST-CURE L'ELAN RETROUVE,FOYER DE POST-CURE L'ELAN RETROUVE,Autres Etablissements de Lutte contre les Maladies Mentales
5 IMP DU BON SECOURS,48.854938,2.3833511,"48.854938,2.3833511",Centre Médico-Psychologique (C.M.P.),,75543 PARIS CEDEX 11,156,144934489,144934488,Etablissement de santé privé d’intérêt collectif,CMP ECOLE PARENTS ET ÉDUCATEURS D'IDF,CMP ECOLE DES PARENTS ET DES EDUCATEURS D'ILE DE FRANCE,Autres Etablissements de Lutte contre les Maladies Mentales
12 R DU SERGENT BAUCHAT,48.8448201,2.3916175,"48.8448201,2.3916175",Etablissement de Soins Pluridisciplinaire,,75571 PARIS CEDEX 12,365,144741060,144741010,Etablissement de santé privé d’intérêt collectif,HOPITAL DES DIACONESSES,HOPITAL DES DIACONESSES OEUVRES DIACONESSES REUILLY,Etablissements de Soins de Courte Durée
95 R MICHEL ANGE,48.8402399,2.2581138,"48.8402399,2.2581138",Etablissement de Soins Longue Durée,,75016 PARIS,362,140712451,140712477,Etablissement de santé privé d’intérêt collectif,CENTRE DE LONG SEJOUR HENRY DUNANT,CENTRE DE LONG SEJOUR HENRY DUNANT,Etablissements de Soins de Longue Durée
14 R BOILEAU,48.8464867,2.2652721,"48.8464867,2.2652721",Etablissement de Soins Pluridisciplinaire,,75016 PARIS,365,146477560,140505200,Etablissement de santé privé d’intérêt collectif,CLINIQUE MED. PEDAGOGIQUE EDOUARD RIST,CLINIQUE MEDICALE ET PEDAGOGIQUE EDOUARD RIST,Etablissements de Soins de Courte Durée
8 R LANNEAU,48.8483432,2.3466214,"48.8483432,2.3466214",Centre Postcure Malades Mentaux,,75005 PARIS,430,144411939,144411930,"Etab de santé privé non lucratif, non déclar intérêt collect",FOYER POST-CURE RENE CAPITANT,FOYER DE POST-CURE CENTRE RENE CAPITANT,Autres Etablissements de Lutte contre les Maladies Mentales
2 R AMBROISE PARE,48.8819273,2.3527289,"48.8819273,2.3527289",Centre Hospitalier Régional (C.H.R.),,75475 PARIS CEDEX 10,101,149958212,149956565,Etablissement public de santé,HOPITAL LARIBOISERE,HOP LARIBOISIERE GH SAINT-LOUIS-LARIBOISIERE-FERNAND WIDAL,Centres Hospitaliers Régionaux
104 R DES COURONNES,48.8710419,2.3887031,"48.8710419,2.3887031",Etablissement Réadaptation Fonctionnelle,,75020 PARIS,135,,,indéterminé,CLINIQUE DU PARC DE BELLEVILLE,,Etablissements de Soins de Suite et de Réadaptation
36 BD SAINT MARCEL,48.8387317,2.3577837,"48.8387317,2.3577837",Etablissement de Soins Chirurgicaux,,75005 PARIS,128,140794089,140794000,Non concerné,CLINIQUE PARIS V,,Etablissements de Soins de Courte Durée
5 COUR DE LA METAIRIE,48.8736016,2.3857427,"48.8736016,2.3857427",Centre Hospitalier Spécialisé lutte Maladies Mentales,,75020 PARIS,292,144621620,144621616,Etablissement public de santé,CENTRE DE POST-CURE DE LA METAIRIE,CENTRE CLINIQUE ET D'ACCUEIL DE LA MÉTAIRIE MAISON BLANCHE,Centres Hospitaliers Spécialisés Lutte Maladies Mentales
167 R RAYMOND LOSSERAND,48.8303682,2.3112489,"48.8303682,2.3112489",Etablissement Réadaptation Fonctionnelle,,75014 PARIS,135,153906521,153906363,Etablissement de santé privé d’intérêt collectif,CENTRE PARIS SUD,CENTRE DE REEDUCATION FONCTIONNELLE PARIS SUD EX STE MARIE,Etablissements de Soins de Suite et de Réadaptation
3 R RIDDER,48.8311258,2.3118698,"48.8311258,2.3118698",Maison de Santé pour Maladies Mentales,,75014 PARIS,161,145451342,145454679,"Etab de santé privé non lucratif, non déclar intérêt collect",HOP DE JOUR CEREP (U.S.I.S. ET E.P.I.),HOPITAL DE JOUR CEREP (USIS ET EPI),Autres Etablissements de Lutte contre les Maladies Mentales
18 R SALNEUVE,48.8855503,2.3143885,"48.8855503,2.3143885",Centre Médico-Psychologique (C.M.P.),,75017 PARIS,156,146226754,147665980,Etablissement public de santé,CMP ADULTES SALNEUVE,CENTRE MEDICO-PSYCHOLOGIQUE PERRAY VAUCLUSE 75 G 20,Autres Etablissements de Lutte contre les Maladies Mentales
11 R CHARDON LAGACHE,48.8449824,2.2668309,"48.8449824,2.2668309",Centre Hospitalier Régional (C.H.R.),,75016 PARIS,101,144963161,144963131,Etablissement public de santé,GPE HOSP. STE PERINE / LAGACHE (AP-HP),GROUPE HOSPITALIER SAINTE PERINE-CHARDON LAGACHE (A.P-H.P.),Centres Hospitaliers Régionaux
5 R CLAUZEL,48.8789746,2.3391798,"48.8789746,2.3391798",Centre Hospitalier Spécialisé lutte Maladies Mentales,,75009 PARIS,292,,144530739,Etablissement public de santé,ACCUEIL THERAPEUTIQUE ADOLESCENTS,,Centres Hospitaliers Spécialisés Lutte Maladies Mentales
3133 R HENRI ROCHEFORT,48.8821044,2.3076576,"48.8821044,2.3076576",Centre Hospitalier Spécialisé lutte Maladies Mentales,,75017 PARIS,292,144159763,147660450,Etablissement public de santé,CENTRE ADULTES ROCHEFORT,,Centres Hospitaliers Spécialisés Lutte Maladies Mentales
1 R CABANIS,48.8302646,2.3412612,"48.8302646,2.3412612",Centre Hospitalier Spécialisé lutte Maladies Mentales,,75014 PARIS,292,,140726608,Etablissement public de santé,HOPITAL DE JOUR LAMARTINE,HOPITAL DE JOUR ADULTES LAMARTINE DU CHS STE ANNE SECTEUR 17,Centres Hospitaliers Spécialisés Lutte Maladies Mentales
5 R SANTERRE,48.8434977,2.4013272,"48.8434977,2.4013272",Centre Hospitalier Régional (C.H.R.),,75571 PARIS CEDEX 12,101,140193057,140193000,Etablissement public de santé,HOPITAL ROTHSCHILD (AP-HP),HOPITAL ROTHSCHILD (A.P. - H.P.),Centres Hospitaliers Régionaux
17 R DE MILAN,48.8787218,2.3277329,"48.8787218,2.3277329",Etablissement de Soins Chirurgicaux,,75009 PARIS,128,142801178,144634700,Non concerné,CLINIQUE MILAN,RELAIS MEDICAL CLINIQUE MILAN,Etablissements de Soins de Courte Durée
8B R CAILLAUX,48.822833,2.3615038,"48.822833,2.3615038",Centre Postcure Malades Mentaux,,75013 PARIS,430,153600711,144243700,Etablissement public de santé,FOYER DE POST-CURE CAILLAUX,FOYER DE POST-CURE CAILLAUX DU CHS SAINTE-ANNE SECTEUR 3,Autres Etablissements de Lutte contre les Maladies Mentales
39 R FESSART,48.8767242,2.3846421,"48.8767242,2.3846421",Etablissement de Convalescence et de Repos,,75019 PARIS,108,,158822626,Non concerné,CLINALLIANCE PARIS BUTTES CHAUMONT,CLINALLIANCE PARIS BUTTES CHAUMONT,Etablissements de Soins de Suite et de Réadaptation
54 R PASCAL,48.8340632,2.347548,"48.8340632,2.347548",Centre Hospitalier Régional (C.H.R.),,75013 PARIS,101,144083615,144083000,Etablissement public de santé,HOPITAL BROCA (AP-HP),HOPITAL BROCA (A.P.-H.P.),Centres Hospitaliers Régionaux
22 BD SEBASTOPOL,48.8604368,2.3494433,"48.8604368,2.3494433",Centre Hospitalier Spécialisé lutte Maladies Mentales,,75004 PARIS,292,,142776231,Etablissement public de santé,CENTRE VICTOR SMIRNOFF,,Centres Hospitaliers Spécialisés Lutte Maladies Mentales
10 R RIVOLI,48.8554689,2.3604543,"48.8554689,2.3604543",Centre Hospitalier Spécialisé lutte Maladies Mentales,,75004 PARIS,292,,148879236,Etablissement public de santé,CENTRE RIVOLI,,Centres Hospitaliers Spécialisés Lutte Maladies Mentales
120 QU DE JEMMAPES,48.8751735,2.3641778,"48.8751735,2.3641778",Centre Médico-Psychologique (C.M.P.),,75010 PARIS,156,142393074,142000505,Etablissement public de santé,CMP ENFANTS OPÉRA SAINT LAURENT,CTRE MÉDICO-PSYCHOLOGIQUE DE L'EPS MAISON BLANCHE SECTEUR 3,Autres Etablissements de Lutte contre les Maladies Mentales
14 R EUGENIE EBOUE,48.8457132,2.386425,"48.8457132,2.386425",Centre Médico-Psychologique (C.M.P.),,75012 PARIS,156,143469030,143465318,Etablissement public de santé,CMP ENFANTS EUGENIE EBOUE (PITIE-SALP),CENTRE MEDICO PSYCHOLOGIQUE PITIE SALPETRIERE 75/I/06,Autres Etablissements de Lutte contre les Maladies Mentales
